id,titlu,tip,data_start,data_end,an_start,an_end,secol,secol_n,locatie,zona_aprox,judet,regiune,lat,lng,participanti,descriere,rezultat,teritoriu,observatii,sursa
RM-001,Conflicte inter-tribale pentru resurse (Cultura Basarabi),Conflict inter-tribal,c. -800,c. -701,-800,-701,sec. VIII î.Hr.,-8,"Oltenia, Banat, Muntenia și Transilvania",1,—,Oltenia / Banat / Muntenia / Transilvania,45.3,23.5,Triburi tracice nordice (cultura Basarabi) — confruntări reciproce,"Generalizarea metalurgiei fierului favorizează apariția unei aristocrații militare, iar triburile locale se luptă între ele pentru controlul zăcămintelor de fier, minelor de sare din Transilvania, turmelor și rutelor comerciale. Apar numeroase așezări fortificate cu valuri de pământ, palisade și șanțuri, iar descoperirile de tezaure de arme și straturile de cenușă atestă conflicte repetate.",Consolidarea elitelor militare și fortificarea așezărilor; fără unificare politică,da,"Eveniment tip, fără nume proprii; distribuția spațială aproximativă.","batalii.csv — sec. VIII î.Hr., pct. 2"
RM-002,Incursiunile cimerienilor și ale pre-sciților,Incursiuni / invazii nomade,c. -800,c. -701,-800,-701,sec. VIII î.Hr.,-8,"Dobrogea, sudul Moldovei și estul Transilvaniei",1,—,Dobrogea / Moldova / Transilvania,45.8,26.5,Cimerieni și valuri timpurii de sciți (nomazi nord-pontici) vs. populații autohtone tracice (proto-geto-daci),"Primele valuri de nomazi călăreți din stepele nord-pontice (asociate cu cimerienii și cu pre-sciții) pătrund spre vest, aducând cavaleria ușoară, arcurile cu vârfuri de bronz și pumnalele de tip akinakes. Pătrunderea lor în Dobrogea, Moldova și estul Transilvaniei a generat ciocniri violente cu populația locală. Nu s-au păstrat nume de bătălii sau conducători, dovezile fiind exclusiv arheologice.",Conflicte locale de apărare; așezări incendiate și fortificații întărite,da,Fără izvoare scrise; datare pe bază de arheologie. Zona este aproximativă.,"batalii.csv — sec. VIII î.Hr., pct. 1"
RM-003,Presiunea triburilor ilire în sud-vest,Conflicte de frontieră,c. -800,c. -701,-800,-701,sec. VIII î.Hr.,-8,Sud-vestul teritoriului actual: sudul Olteniei și Banatul,1,—,Oltenia / Banat,44.9,22.3,Triburi ilire (Balcanii de Vest) vs. comunități tracice locale,"La frontiera din sud-vest (Oltenia, Banat) se înregistrează interacțiuni și conflicte cu triburile ilire din vestul Balcanilor. Presiunea i-a determinat pe localnici să-și fortifice așezările pe forme de relief greu accesibile (promontorii, dealuri).","Întărirea apărării locale; conflicte de intensitate redusă, de frontieră",da,Zonă aproximativă; fără evenimente nominale.,"batalii.csv — sec. VIII î.Hr., pct. 3"
RM-004,Conflicte inter-tribale geto-trace,Conflict inter-tribal,c. -700,c. -601,-700,-601,sec. VII î.Hr.,-7,Teritoriul geto-dac (fără localizare precisă),1,—,Geto-Dacia,45.5,25.0,Triburi geto-trace (confruntări reciproce),Numărul așezărilor fortificate autohtone crește; triburile de geți se află adesea în război unele cu altele pentru controlul zăcămintelor și al centrelor de prelucrare a metalelor (mai ales fierul) și pentru rutele comerciale de-a lungul Dunării și spre Marea Neagră.,Fără unificare; continuarea fragmentării tribale,da,Eveniment tip — nu există nume de confruntări.,"batalii.csv — sec. VII î.Hr., pct. 3"
RM-005,Expansiunea și invaziile sciților,Invazii / incursiuni nomade,c. -700,c. -601,-700,-601,sec. VII î.Hr.,-7,"Dobrogea, Moldova și bazinul Mureșului",1,—,Dobrogea / Moldova / Transilvania (est),46.0,25.5,Sciți (nomazi indo-iranieni nord-pontici) vs. populații geto-trace locale,"Sciții pătrund masiv în spațiul carpato-danubiano-pontic, intrând în coliziune cu populațiile geto-trace din Dobrogea, Moldova și din interiorul arcului carpatic (bazinul Mureșului). Dovezile sunt vârfurile de săgeți scitice cu trei muchii înfipte în palisade, straturile de cenușă ale fortificațiilor incendiate și apariția pumnalelor scurte (akinakes).",Raiduri și devastări; întărirea apărării locale,da,Fără evenimente nominale.,"batalii.csv — sec. VII î.Hr., pct. 1"
RM-006,Întemeierea coloniei Histria și conflictele de coastă,Conflict colonial / de frontieră,c. -657,c. -600,-657,-600,sec. VII î.Hr.,-7,Litoralul Mării Negre — Histria (jud. Constanța),0,Constanța,Dobrogea,44.548,28.775,Coloniști greci din Milet (Histria) vs. comunități locale de geți,"La mijlocul secolului VII î.Hr. (în jurul anului 657 î.Hr.), grecii din Milet întemeiază Histria, prima colonie grecească de pe țărmul vestic al Mării Negre. Stabilirea nu a fost complet pașnică: colonizarea a generat conflicte de frontieră cu geții pentru controlul pământurilor agricole și al rutelor comerciale, cu tensiuni și asedii sporadice din partea triburilor din hinterland în primele decenii.",Consolidarea coloniei după o perioadă de tensiuni; ulterior alianțe comerciale,da,Datarea întemeierii (c. 657 î.Hr.) este convențională.,"batalii.csv — sec. VII î.Hr., pct. 2"
RM-007,Conflictele dintre geți și coloniile grecești pontice,Conflicte de frontieră,c. -600,c. -501,-600,-501,sec. VI î.Hr.,-6,"Litoralul Mării Negre: Histria, Tomis (Constanța), Callatis (Mangalia)",1,Constanța,Dobrogea,44.0,28.6,"Cetăți grecești (Histria, Tomis, Callatis) vs. aristocrație getică locală","Pe litoral se înființează cetăți grecești (Histria în sec. VII, Tomis și Callatis în sec. VI–V î.Hr.). Relațiile dintre greci și aristocrația getică alternează între schimburi comerciale intense și ciocniri violente pentru controlul teritoriilor agricole (chora).","Tensiuni recurente, fără eliminarea coloniilor",da,"Eveniment tip, fără bătălii nominale.",batalii.csv — sec. VI î.Hr.
RM-008,Incursiunile scitice la vest de Prut și în Câmpia Română,Incursiuni de jaf,c. -600,c. -501,-600,-501,sec. VI î.Hr.,-6,Vest de Prut (Moldova) și Câmpia Română,1,—,Moldova / Muntenia,46.2,27.0,Sciți nomazi vs. triburi sedentare geto-dace,"Triburile scitice pătrund la vest de Prut și în Câmpia Română pentru pradă sau extinderea zonelor de pășunat, intrând în conflict direct cu triburile sedentare geto-dace.",Conflicte de pradă și apărare; fără schimbări teritoriale majore,da,Zonă aproximativă.,batalii.csv — sec. VI î.Hr.
RM-009,Războaie inter-tribale în Epoca Fierului (Hallstatt târziu),Conflict inter-tribal,c. -600,c. -501,-600,-501,sec. VI î.Hr.,-6,Spațiul geto-dac (Hallstatt târziu),1,—,Geto-Dacia,45.5,25.0,Uniuni de triburi geto-dace (confruntări reciproce),"Comunitățile autohtone sunt fragmentate în uniuni de triburi care se atacă reciproc pentru resurse, pământ și prestigiu militar, confirmate arheologic prin tezaure de arme și așezări incendiate.",Slăbiciune politică cronică înainte de unificarea dacică,da,"Eveniment tip, fără nume proprii.",batalii.csv — sec. VI î.Hr.
RM-010,Campania lui Darius I împotriva sciților (trecerea Dunării),Campanie / invazie,-513,-513,-513,-513,sec. VI î.Hr.,-6,Dobrogea; podul de vase peste Dunăre în zona Isaccea (jud. Tulcea),1,Tulcea / Constanța,Dobrogea,45.27,28.46,Imperiul Persan Ahemenid (Darius I) vs. geții din Dobrogea și sciții,"Darius I organizează o expediție uriașă împotriva sciților din nordul Mării Negre, al cărei traseu traversează Dobrogea. Spre deosebire de celelalte triburi trace, care s-au predat, geții din Dobrogea opun o rezistență îndârjită; deși învinși numeric, sunt lăudați de Herodot ca fiind „cei mai viteji și mai drepți dintre traci”. După înfrângerea geților, Darius ordonă construirea unui pod de vase peste Dunăre (în zona actualului oraș Isaccea) pentru a trece în stepele scitice.",Victorie persană la Dunăre; geții învinși dar lăudați de Herodot,da,Datarea 513 î.Hr.; localizarea podului este aproximativă.,batalii.csv — sec. VI î.Hr.
RM-011,Conflictele legate de coloniile grecești: distrugerea și refacerea Histriei,Conflict local / asediu,c. -500,c. -480,-500,-480,sec. V î.Hr.,-5,Histria (jud. Constanța),0,Constanța,Dobrogea,44.548,28.775,Histria (cetate greacă) vs. triburi de geți și sciți din hinterland,"Orașele-stat grecești (Histria, Tomis, Callatis) își apără teritoriul agricol prin războaie locale împotriva triburilor din hinterland, care organizau atacuri pentru pradă sau cereau tribut. Histria este parțial distrusă spre sfârșitul sec. VI sau începutul sec. V î.Hr., cel mai probabil în urma unui astfel de conflict, fiind ulterior reconstruită și fortificată masiv.",Distrugere parțială urmată de reconstrucție și fortificare,da,Datarea distrugerii este estimată pe baza arheologiei.,"batalii.csv — sec. V î.Hr., pct. 4"
RM-012,Prăbușirea stăpânirii persane la nord de Balcani și conflictele de eliberare,Răscoală / conflicte locale,c. -500,c. -480,-500,-480,sec. V î.Hr.,-5,Dobrogea și spațiul tracic de la nord de Balcani,1,—,Dobrogea,44.4,28.2,Geți și sciți vs. garnizoane persane rămase în Tracia,"După campania din 513 î.Hr., regiunea rămâne sub o relativă influență sau supraveghere persană. Odată cu înfrângerile perșilor în Grecia (Războaiele Persane), stăpânirea lor la nord de Balcani se prăbușește, declanșând conflicte locale de eliberare și reașezări de forțe între geți, sciți și garnizoanele persane.",Retragerea influenței persane; reconfigurare locală de putere,da,Fără bătălii nominale; datare aproximativă.,"batalii.csv — sec. V î.Hr., pct. 1"
RM-013,Invaziile scitice în Moldova și estul Transilvaniei,Incursiuni de jaf,c. -500,c. -401,-500,-401,sec. V î.Hr.,-5,Moldova și estul Transilvaniei,1,—,Moldova / Transilvania (est),46.5,26.5,Sciți nomazi vs. geți sedentari,"Arheologia confirmă conflicte locale violente: vârfuri de săgeți scitice cu trei muchii, specifice sec. V î.Hr., descoperite în așezări autohtone din Moldova și estul Transilvaniei, demonstrează incursiuni militare de jaf și confruntări sângeroase între geți și sciți.",Raiduri și devastări; apărare locală fragmentată,da,"Eveniment tip, în baza dovezilor arheologice.","batalii.csv — sec. V î.Hr., pct. 3"
RM-014,Conflictele de frontieră dintre geți și Regatul Odris,Războaie de expansiune,c. -480,c. -430,-480,-430,sec. V î.Hr.,-5,Dobrogea (dreapta Dunării) și stânga Dunării,1,—,Dobrogea,44.3,28.0,Regatul Odris (Teres I) vs. triburi getice din Dobrogea,"Regele odris Teres I unifică triburile trace din sud și extinde regatul spre nord, până la Dunăre, ceea ce duce la ciocniri militare inevitabile cu geții din Dobrogea. Conflictele se stabilizează printr-o formă de suzeranitate: geții sunt integrați parțial în sfera odrisă, plătesc tribut și devin aliați militari (arcași călare).",Suzeranitate odrisă asupra geților dobrogeni,da,Zonă aproximativă.,"batalii.csv — sec. V î.Hr., pct. 2"
RM-015,Conflictul odriso-scitic de la Dunăre (Scyles vs. Sitalces),Conflict de frontieră,c. -450,c. -450,-450,-450,sec. V î.Hr.,-5,Dunărea de Jos (limesul fluvial),1,—,Dobrogea,45.2,28.5,Sciți (regele Scyles) vs. Regatul Odris (regele Sitalces),"Expansiunea sciților conduși de Scyles spre Dunăre provoacă un conflict militar direct cu Regatul Odris al lui Sitalces. Războiul deschis este evitat prin intermediul unei alianțe matrimoniale și stabilirea graniței pe Dunăre, dar tensiunile armate de frontieră rămân constante.",Evitarea războiului deschis; graniță pe Dunăre; tensiuni persistente,da,Datare aproximativă (c. 450 î.Hr.).,"batalii.csv — sec. V î.Hr., pct. 3"
RM-016,Expediția lui Alexandru cel Mare la nord de Dunăre,Campanie / expediție,-335,-335,-335,-335,sec. IV î.Hr.,-4,Zona Zimnicea — malul nordic al Dunării (jud. Teleorman),1,Teleorman,Muntenia (sud),43.655,25.367,Regatul Macedoniei (Alexandru cel Mare) vs. geți,"În primăvara anului 335 î.Hr., Alexandru cel Mare pornește o campanie în Balcani pentru a pacifica triburile răzvrătite; urmărindu-i pe tribali până la Dunăre (probabil în zona Zimnicea), este întâmpinat pe malul nordic de o oaste getică de circa 14.000 de luptători. Alexandru trece fluviul noaptea cu bărci improvizate (monoxile) și burdufuri, surprinde oastea getică, care se retrage, și îi distruge o așezare fortificată.",Victorie macedoneană și pradă; consolidarea autorității lui Alexandru,da,Localizarea exactă a trecerii este probabilă (zona Zimnicea).,"batalii.csv — sec. IV î.Hr., pct. 1"
RM-017,Dezastrul expediției lui Zopyrion,Campanie / înfrângere,c. -331,c. -325,-331,-325,sec. IV î.Hr.,-4,Gurile Dunării și Dobrogea (retragerea),1,Tulcea / Constanța,Dobrogea,45.1,28.8,"Regatul Macedoniei (Zopyrion, ~30.000 de soldați) vs. coaliție de geți și sciți","În timp ce Alexandru era în Asia, guvernatorul Traciei, Zopyrion, organizează o expediție spre nordul Mării Negre; după asediul eșuat al cetății Olbia, armata se retrage haotic prin teritoriile de la gurile Dunării și Dobrogea, unde este blocată de o furtună. Profitând de vulnerabilitate, geții și sciții atacă și nimicesc complet armata macedoneană, iar Zopyrion este ucis.",Anihilarea armatei macedonene; victorie a coaliției locale,da,Datare aproximativă (c. 331–325 î.Hr.); locul uciderii nu este precis.,"batalii.csv — sec. IV î.Hr., pct. 2"
RM-018,Începutul războaielor dintre Lysimah și Dromichaetes,Război / campanie,c. -320,c. -292,-320,-292,sec. IV–III î.Hr.,-4,Câmpia Română (teritoriile getice),1,—,Muntenia / Oltenia,44.6,25.5,Regatul Macedoniei/Tracia (Lysimah) vs. Regatul getic (Dromichaetes),"După moartea lui Alexandru cel Mare, generalul Lysimah preia Tracia și încearcă să-și extindă stăpânirea la nord de Dunăre. Geții lui Dromichaetes aplică tactica pământului pârjolit și hărțuirea continuă; slăbite de foame și sete, armatele macedonene suferă înfrângeri repetate. Conflictul culminează în jurul anului 292 î.Hr. cu capturarea lui Lysimah și o pace celebră.",Victoria diplomatică și militară a geților; păcii i-au succedat retrocedarea cetăților dunărene,da,Evenimentul este reluat și mai detaliat la sec. III î.Hr.,"batalii.csv — sec. IV î.Hr., pct. 3"
RM-019,Pătrunderea triburilor celtice în Transilvania,Invazie / migrație armată,c. -320,c. -280,-320,-280,sec. IV–III î.Hr.,-4,Transilvania și Oltenia,1,—,Transilvania / Oltenia,46.2,24.0,Triburi celtice (printre care scordiscii) vs. comunități geto-dace,"Triburile celtice migrează masiv spre interiorul Arcului Carpatic și Balcani; intrarea lor în Transilvania și Oltenia nu a fost pașnică, arheologia indicând conflicte violente cu comunitățile autohtone pentru controlul resurselor de sare și metale. După faza inițială de confruntări, cele două populații ajung la coabitare, celții fiind asimilați treptat.",Conflicte inițiale urmate de coabitare și asimilare,da,"Zonă aproximativă, fără bătălii nominale.","batalii.csv — sec. IV î.Hr., pct. 4"
RM-020,Campania lui Agatocle împotriva geților (prima campanie a lui Lysimah),Campanie,-300,-300,-300,-300,sec. III î.Hr.,-3,Câmpia din sudul României (Muntenia / Dobrogea),1,—,Muntenia / Dobrogea,44.5,26.5,"Regatul Macedoniei/Tracia (Agatocle, fiul lui Lysimah) vs. Regatul getic (Dromichaetes)","Lysimah trimite peste Dunăre o armată condusă de fiul său Agatocle pentru a supune geții. Armata lui Dromichaetes obține o victorie totală, iar Agatocle este luat prizonier, răscumpărat ulterior.",Victorie getică totală; Agatocle prizonier,da,Localizarea exactă a confruntării nu este cunoscută.,"batalii.csv — sec. III î.Hr., pct. 1"
RM-021,Bătălia de la Helis și capturarea lui Lysimah,Bătălie / campanie,-292,-292,-292,-292,sec. III î.Hr.,-3,Stepele dobrogene sau muntene (cetatea getică Helis),1,—,Dobrogea / Muntenia,44.7,27.2,Regatul getic (Dromichaetes) vs. Regatul Macedoniei/Tracia (Lysimah),"Lysimah conduce personal o expediție uriașă la nord de Dunăre, dar armata macedoneană este încercuită în stepele dobrogene sau muntene din lipsă de apă și hrană. Lysimah este capturat și dus la cetatea getică Helis; conflictul se încheie cu un tratat de pace celebru, prin care Dromichaetes îi redă libertatea macedoneanului în schimbul retrocedării cetăților dunărene.",Pace în care Dromichaetes își impune condițiile; retrocedarea cetăților dunărene,da,Datare cca. 292 î.Hr.; locația Helis este disputată.,"batalii.csv — sec. III î.Hr., pct. 1"
RM-022,Invazia și conflictele cu celții (galații),Invazie / războaie de uzură,c. -280,c. -250,-280,-250,sec. III î.Hr.,-3,"Transilvania, Oltenia și Banat",1,—,Transilvania / Oltenia / Banat,45.9,22.8,"Celți (scordisci, taurisci, anarți) vs. daci și geți locali","Triburile celtice migrează masiv spre Balcani, stabilindu-se și pe teritoriul României. În Transilvania se ciocnesc cu comunitățile dacice, cucerind parțial podișul, dar dacii rezistă în zonele montane, generând un conflict de uzură de decenii. În Oltenia și Banat, scordiscii poartă lupte grele cu geții din zonele de câmpie pentru controlul Dunării.",Coabitare ulterioară; celții păstrează controlul parțial al podișului,da,Fără bătălii nominale; zonele sunt aproximative.,"batalii.csv — sec. III î.Hr., pct. 2"
RM-023,Războiul pentru Tomis (Histria și Callatis vs. Byzantion),Război / conflict comercial,c. -260,c. -260,-260,-260,sec. III î.Hr.,-3,"Tomis (Constanța), litoralul Mării Negre",0,Constanța,Dobrogea,44.17,28.65,Cetățile Callatis și Histria vs. Byzantion (sprijinit de flota ptolemeică a Egiptului),Cetățile Callatis (Mangalia) și Histria se aliază și intră în conflict cu Byzantionul pentru controlul emporiului (pieței comerciale) de la Tomis. Histria și Callatis sunt înfrânte în urma intervenției flotei regelui ptolemeic din Egipt.,Înfrângerea alianței Histria–Callatis; controlul bizantin/egiptean asupra emporiului,da,Datarea (c. 260 î.Hr.) este aproximativă.,"batalii.csv — sec. III î.Hr., pct. 3"
RM-024,Protectoratele militare ale regilor geți asupra cetăților grecești,Presiune militară / tribut,c. -260,c. -201,-260,-201,sec. III î.Hr.,-3,"Cetățile grecești din Dobrogea (Histria, Tomis, Callatis)",1,Constanța,Dobrogea,44.0,28.5,"Regi geți (Zalmodegikos, Rhemaxos) vs. cetăți grecești pontice","Regii geți din Dobrogea impun protectorate militare cetăților grecești, oferindu-le „apărare” împotriva altor barbari în schimbul unor sume de bani (tribut), acțiuni dublate adesea de demonstrații de forță militară.",Suzeranitate getică de facto asupra cetăților grecești (tribut),da,"Eveniment tip, fără bătălii nominale.","batalii.csv — sec. III î.Hr., pct. 3"
RM-025,Conflictele cu bastarnii,Invazie / conflicte teritoriale,c. -220,c. -201,-220,-201,sec. III î.Hr.,-3,Nordul Moldovei și Câmpia Română,1,—,Moldova / Muntenia,46.6,26.0,Bastarni (populație germanică sau celto-germanică) vs. triburi geto-dace,"Spre sfârșitul secolului III î.Hr., bastarnii pătrund în nordul Moldovei și în Câmpia Română, intrând imediat în conflicte teritoriale sângeroase cu triburile geto-dace locale, pe care le împing treptat spre sud și vest.",Deplasarea spre sud-vest a triburilor geto-dace,da,Eveniment tip; zona aproximativă.,"batalii.csv — sec. III î.Hr., pct. 4"
RM-026,Războaiele regelui Oroles împotriva bastarnilor,Război / campanie,c. -200,c. -150,-200,-150,sec. II î.Hr.,-2,Moldova (estul și nord-estul teritoriului actual),1,—,Moldova,47.0,27.0,Regatul geto-dac (regele Oroles) vs. bastarni,"Bastarnii migrează din nord și pătrund în estul și nord-estul teritoriului actual (zona Moldovei). Regele geto-dac Oroles se izbește militar de invadatori: potrivit lui Trogus Pompeius, dacii sunt învinși într-o primă fază, apoi, după ce regele îi pedepsește simbolic pe războinici, îi înving pe bastarni într-o bătălie decisivă.",Respigerea bastarnilor și stabilizarea graniței de est,da,Datare convențională (începutul sec. II î.Hr.).,"batalii.csv — sec. II î.Hr., pct. 1"
RM-027,Incursiunile scordiscilor în Câmpia Română și Dobrogea,Incursiuni de jaf / conflicte de frontieră,c. -200,c. -101,-200,-101,sec. II î.Hr.,-2,"Câmpia Română, Dunărea de Jos și cetățile grecești pontice",1,—,Muntenia / Dobrogea,44.3,26.8,"Scordisci (trib celtic, zona Belgradului) vs. geți și cetăți grecești pontice",Scordiscii atacă frecvent triburile de geți de-a lungul Dunării și cetățile grecești pontice. Geții sunt implicați constant în ciocniri de apărare și hărțuieli de frontieră pentru a-și proteja așezările fortificate (davele).,Conflicte de uzură și jaf; menținerea controlului local asupra trecătorilor Dunării,da,Eveniment tip; zona aproximativă.,"batalii.csv — sec. II î.Hr., pct. 3"
RM-028,Campaniile lui Rubobostes împotriva celților,Războaie / campanii,c. -170,c. -120,-170,-120,sec. II î.Hr.,-2,Transilvania (vestul și nord-vestul României),1,—,Transilvania,46.5,23.5,"Uniunea de triburi dacă (Rubobostes) vs. triburi celtice (scordisci, taurisci)","În prima jumătate a secolului II î.Hr., vestul și nord-vestul României se aflau parțial sub influența triburilor celtice. Uniunea de triburi condusă de regele dac Rubobostes declanșează o serie de războaie împotriva celților; succesul militar oprește expansiunea celtică și crește puterea dacilor în Transilvania, fiind considerat un precursor al unificării lui Burebista.",Înfrângerea celților; afirmarea puterii dacice în Transilvania,da,Datare aproximativă pe baza contextului arheologic.,"batalii.csv — sec. II î.Hr., pct. 2"
RM-029,Războiul lui Burebista împotriva celților (boii și tauriscii),Război / campanie,c. -60,c. -59,-60,-59,sec. I î.Hr.,-1,Vestul și nord-vestul teritoriului dacic (zona Tisei și vestul României),1,—,Banat / Crișana / Transilvania (vest),45.9,21.3,"Regatul geto-dac (Burebista) vs. confederații celtice (boii, tauriscii)","În jurul anilor 60–59 î.Hr., Burebista atacă și zdrobește confederațiile celtice din vestul și nord-vestul teritoriului dacic. Celții sunt atât de crunt învinși încât teritoriul lor rămâne cunoscut în epocă drept „pustiul boic”.",Victorie dacică decisivă; dispariția puterii celtice din regiune,da,Datare aproximativă (c. 60–59 î.Hr.).,"batalii.csv — sec. I î.Hr., pct. 1"
RM-030,Campania lui Burebista împotriva bastarnilor și sciților,Campanie,c. -60,c. -44,-60,-44,sec. I î.Hr.,-1,Estul României (Moldova) și peste Prut,1,—,Moldova,47.2,28.0,Regatul geto-dac (Burebista) vs. bastarni (germanici) și sciți (iranieni),"Burebista duce lupte în estul României (Moldova) și peste Prut pentru a securiza granița estică împotriva bastarnilor și sciților, populații germanice și iraniene.",Securizarea graniței estice a regatului dacic,da,Zonă aproximativă; fără bătălii nominale în sursă.,"batalii.csv — sec. I î.Hr., pct. 1"
RM-031,Cucerirea orașelor grecești pontice de către Burebista,Campanie / cucerire,c. -55,c. -48,-55,-48,sec. I î.Hr.,-1,"Dobrogea: Histria, Tomis (Constanța), Callatis (Mangalia), până la Apollonia",0,Constanța,Dobrogea,44.1,28.5,Regatul geto-dac (Burebista) vs. cetăți grecești pontice (sub influența Romei),"Burebista pornește o campanie fulgerătoare prin Dobrogea, asediind și cucerind rând pe rând coloniile grecești aliate sau aflate sub influența Romei: Histria, Tomis, Callatis, până la Apollonia. Histria este parțial distrusă în urma acestui conflict.",Cucerirea cetăților grecești pontice; extinderea hegemoniei dacice,da,Datare aproximativă (55–48 î.Hr.).,"batalii.csv — sec. I î.Hr., pct. 1"
RM-032,Implicarea lui Burebista în Războiul Civil Roman (context — nu pe teritoriul României),Implicare diplomatică / militară indirectă,-48,-48,-48,-48,sec. I î.Hr.,-1,"În afara teritoriului actual al României (context: Pharsalus, Grecia)",1,—,—,39.3,22.4,"Regatul geto-dac (Burebista, sprijin promis lui Pompei) vs. Iulius Caesar (Republica Romană)","În timpul războiului civil dintre Iulius Caesar și Pompei, Burebista îl sprijină pe Pompei, trimițând promisiuni de ajutor militar prin diplomatul Acornion din Dionysopolis. Pompei este învins la Pharsalus (48 î.Hr.), iar Caesar planifică o campanie de răzbunare și cucerire a Daciei, dar conflictul direct nu mai are loc pentru că ambii lideri sunt asasinați în anul 44 î.Hr.",Nu a avut loc o confruntare pe teritoriul României; planul roman de cucerire este abandonat,nu,Inclus pentru contextul istoric complet; nu este un conflict pe teritoriul actual al României.,"batalii.csv — sec. I î.Hr., pct. 2"
RM-033,Războaiele interne de succesiune după moartea lui Burebista,Război civil / fragmentare,-44,c. -30,-44,-30,sec. I î.Hr.,-1,Teritoriul regatului dacic (fără localizare precisă),1,—,Geto-Dacia,45.5,25.0,"Regate dace rivale (regi-preoți ca Deceneu și Comosicus, lideri locali ca Dicames, Cotiso, Roles)","După asasinarea lui Burebista în 44 î.Hr., statul dac se destramă inițial în patru, apoi în cinci regate mai mici. Perioada este marcată de războaie interne de succesiune între diversele formațiuni statale dace, slăbind puterea centralizată.",Fragmentarea regatului dac; slăbirea militară și politică,da,Zonă aproximativă; fără bătălii nominale.,"batalii.csv — sec. I î.Hr., pct. 3"
RM-034,Incursiunile dacilor transdanubieni în Moesia,Incursiuni de jaf / expediții de represalii,c. -30,c. -10,-30,-10,sec. I î.Hr.,-1,Dunărea de Jos (sudul Olteniei și Munteniei) și Moesia (sud de Dunăre),1,—,Oltenia / Muntenia,44.2,24.5,Daci din interiorul arcului carpatic (uneori sub regele Cotiso) vs. Republica Romană (provincia Moesia),"Spre sfârșitul secolului I î.Hr., iarna, când Dunărea îngheață, triburile dace din interiorul arcului carpatic trec fluviul ca să prade provinciile romane din Balcani (Moesia), generând expediții romane de represalii pe teritoriul actual al Olteniei și Munteniei.",Raiduri și represalii recurente; frontiera dunăreană rămâne tensionată,da,Eveniment tip; zona aproximativă.,"batalii.csv — sec. I î.Hr., pct. 4"
RM-035,Războiul lui Marcus Licinius Crassus în Dobrogea,Război / campanie,-29,-28,-29,-28,sec. I î.Hr.,-1,Dobrogea (cetățile lui Dapyx și Zyraxes — Genucla),1,Constanța / Tulcea,Dobrogea,44.4,28.2,Republica Romană (Crassus) și geții lui Roles vs. geții lui Dapyx și Zyraxes,"Generalul roman Crassus (nepotul triumvirului) intervine la Dunăre în sprijinul regelui get Roles, aflat în conflict cu Dapyx, alt șef get. Romanii asediază cetatea lui Dapyx și cuceresc ulterior și cetatea regelui Zyraxes (Genucla).",Dobrogea intră sub controlul indirect al Romei,da,Localizarea cetăților este aproximativă.,"batalii.csv — sec. I î.Hr., pct. 4"
RM-036,Campania lui Sextus Aelius Catus la nord de Dunăre,Expediție punitivă / deportare,c. 11,c. 12,11,12,sec. I d.Hr.,1,Nord de Dunăre (sudul Munteniei / Dobrogea) — fără localizare precisă,1,—,Muntenia / Dobrogea,44.3,26.5,Imperiul Roman (Sextus Aelius Catus) vs. geți (uniuni de triburi),"După destrămarea regatului lui Burebista, dacii erau divizați și atacau frecvent provincia Moesia. Generalul roman Sextus Aelius Catus conduce o expediție de pedepsire la nord de Dunăre și strămută forțat circa 50.000 de geți în sudul fluviului, pentru a-i aduce sub control roman și a depopula zona folosită ca bază de atac.",Depopulare parțială a zonei de nord a Dunării și întărirea frontierei romane,da,Datare aproximativă (c. 11–12 d.Hr.).,"batalii.csv — sec. I d.Hr., pct. 1"
RM-037,Campania lui Plautius Silvanus Aelianus peste Dunăre,Expediție / pacificare,c. 57,c. 67,57,67,sec. I d.Hr.,1,"Nord de Dunăre (Muntenia, zona gurilor Dunării)",1,—,Muntenia / Dobrogea,44.5,27.5,"Imperiul Roman (Plautius Silvanus Aelianus) vs. sarmați, bastarni și daci","În timpul lui Nero, guvernatorul Moesiei, Plautius Silvanus Aelianus, intervine militar la nord de Dunăre din cauza mișcărilor de populații barbare. Pacifică regiunea și strămută peste 100.000 de transdanubieni (daci, bastarni, sarmați) la sud de fluviu, obligându-i să plătească tribut Romei.",Pacifiere temporară a frontierei dunărene; tribut roman,da,Datare aproximativă; zona fără localizare precisă.,"batalii.csv — sec. I d.Hr., pct. 2"
RM-038,Războiul daco-roman al lui Domițian — atacul dacic din 85–86,Război / invazie,85,86,85,86,sec. I d.Hr.,1,"Dunărea de Jos, Moesia (Dobrogea de astăzi)",1,Constanța / Tulcea,Dobrogea,44.3,28.0,"Regatul Dac (Duras, apoi Decebal) vs. Imperiul Roman (Moesia)","Dacii trec iarna Dunărea înghețată, devastează Moesia și îl ucid pe guvernatorul Oppius Sabinus. Este cel mai mare conflict al secolului I pe teritoriul României, declanșat de regele dac Duras și continuat sub Decebal.",Devastarea Moesiei; represalii romane ulterioare,da,—,"batalii.csv — sec. I d.Hr., pct. 3"
RM-039,Prima bătălie de la Tapae (Cornelius Fuscus),Bătălie,87,87,87,87,sec. I d.Hr.,1,Trecătoarea Tapae — Porțile de Fier ale Transilvaniei (Caraș-Severin / Hunedoara),1,Caraș-Severin / Hunedoara,Transilvania (sud-vest),45.4,22.5,"Imperiul Roman (Cornelius Fuscus, Legiunea a V-a Alaudae) vs. Regatul Dac (Decebal)","Împăratul Domițian trimite la nord de Dunăre o armată uriașă sub comanda prefectului pretoriului Cornelius Fuscus. Armata romană cade într-o ambuscadă în trecătoarea Tapae: dacii obțin o victorie zdrobitoare, Fuscus este ucis, Legiunea a V-a Alaudae este masacrată, iar romanii pierd steagurile și mașinile de război.",Victorie dacică decisivă; dezastru militar roman,da,Identificarea locației Tapae este disputată (Porțile de Fier ale Transilvaniei).,"batalii.csv — sec. I d.Hr., pct. 3"
RM-040,A doua bătălie de la Tapae (Tettius Iulianus),Bătălie,88,88,88,88,sec. I d.Hr.,1,Trecătoarea Tapae — Porțile de Fier ale Transilvaniei (Caraș-Severin / Hunedoara),1,Caraș-Severin / Hunedoara,Transilvania (sud-vest),45.4,22.5,Imperiul Roman (Tettius Iulianus) vs. Regatul Dac (Decebal),"Domițian trimite o nouă armată sub comanda generalului Tettius Iulianus. Romanii câștigă bătălia de la Tapae și provoacă pierderi mari dacilor, dar nu pot înainta spre capitala Sarmizegetusa Regia din cauza terenului dificil și a altor revolte barbare la granițele imperiului.","Victorie romană tactică, fără finalizarea cuceririi Daciei",da,Identificarea locației Tapae este disputată.,"batalii.csv — sec. I d.Hr., pct. 3"
RM-041,Pacea din 89 d.Hr. între Domițian și Decebal,Încheiere de pace (final al războiului),89,89,89,89,sec. I d.Hr.,1,Dunărea de Jos (frontiera daco-romană),1,—,Dobrogea / Muntenia (sud),44.4,26.8,Imperiul Roman (Domițian) vs. Regatul Dac (Decebal),"Pace de compromis: Decebal devine client al Romei, primind subsidii în bani, meșteri militari și ingineri, resurse pe care le folosește pentru a-și fortifica regatul înaintea războaielor cu Traian. Evenimentul închide ciclul războiului din 85–89.","Pace de compromis; Dacia clientă a Romei, dar rearmată",da,Inclus pentru continuitatea cronologică a războaielor daco-romane.,"batalii.csv — sec. I d.Hr., pct. 3"
RM-042,Bătălia de la Tapae (101),Bătălie,101,101,101,101,sec. II d.Hr.,2,Trecătoarea Tapae — Porțile de Fier ale Transilvaniei (Caraș-Severin / Hunedoara),1,Caraș-Severin / Hunedoara,Transilvania (sud-vest),45.4,22.5,Imperiul Roman (Traian) vs. Regatul Dac (Decebal),"În campania din 101, trupele romane obțin o victorie grea în fața dacilor la „Porțile de Fier ale Transilvaniei”, deschizând drumul spre interiorul Daciei, dar nu și cucerirea imediată a capitalei.",Victorie romană dificilă,da,Identificarea locației este disputată.,"batalii.csv — sec. II d.Hr., pct. 1"
RM-043,Bătălia de la Adamclisi (iarna 101–102),Bătălie,101,102,101,102,sec. II d.Hr.,2,Adamclisi (județul Constanța),0,Constanța,Dobrogea,44.083,27.953,Imperiul Roman (Traian) vs. daci și sarmați roxolani,"O contraofensivă de amploare a dacilor, aliați cu sarmații roxolani la sudul Dunării, este zdrobită de Traian. Victoria romană este comemorată prin monumentul triumfal de la Adamclisi (Tropaeum Traiani).",Victoria romană; consolidarea controlului asupra Dobrogei,da,—,"batalii.csv — sec. II d.Hr., pct. 1"
RM-044,Primul Război Daco-Roman (101–102),Război / campanie,101,102,101,102,sec. II d.Hr.,2,"Dacia (Banat, Transilvania de sud) și Dobrogea",1,—,Dacia / Dobrogea,45.5,23.0,Imperiul Roman (împăratul Traian) vs. Regatul Dac (Decebal),"Primul dintre cele două războaie majore daco-romane: Traian traversează Dunărea pentru a neutraliza puterea militară a dacilor. Include bătăliile de la Tapae și Adamclisi; se încheie cu o pace provizorie (102 d.Hr.), prin care Decebal acceptă condițiile romane, dar le încalcă ulterior.",Pace provizorie în 102; Dacia devine regat client cu condiții umilitoare,da,—,"batalii.csv — sec. II d.Hr., pct. 1"
RM-045,Al Doilea Război Daco-Roman și căderea Sarmizegetusei (105–106),Război / cucerire,105,106,105,106,sec. II d.Hr.,2,"Dacia (capitala Sarmizegetusa Regia, jud. Hunedoara)",0,Hunedoara,Transilvania,45.623,23.31,Imperiul Roman (Traian) vs. Regatul Dac (Decebal),"Declanșat după încălcarea condițiilor păcii din 102 de către Decebal. Romanii atacă pe mai multe fronturi, asediază și distrug capitala Sarmizegetusa Regia; Decebal se sinucide pentru a nu cădea prizonier, iar o mare parte a Daciei devine provincie romană.",Cucerirea Daciei și crearea provinciei romane Dacia,da,—,"batalii.csv — sec. II d.Hr., pct. 1"
RM-046,Asediul și distrugerea Sarmizegetusei Regia,Asediu,106,106,106,106,sec. II d.Hr.,2,Sarmizegetusa Regia — Grădiștea de Munte (județul Hunedoara),0,Hunedoara,Transilvania,45.623,23.31,Imperiul Roman (Traian) vs. Regatul Dac (Decebal),"Efectivul final al celui de-al doilea război: capitalele regatului dacic sunt asediate și distruse de legiunile romane. Decebal se sinucide, iar tezaurul regal este capturat; evenimentul marchează sfârșitul regatului dac independent.",Căderea capitalei dacice; sfârșitul regatului lui Decebal,da,—,"batalii.csv — sec. II d.Hr., pct. 1"
RM-047,Atacurile dacilor liberi și ale iazigilor asupra Daciei romane,Invazii / conflicte de frontieră,117,118,117,118,sec. II d.Hr.,2,"Provincia Dacia (Transilvania, Banat, Câmpia de Vest)",1,—,Dacia,46.3,23.0,"Dacii liberi și sarmații (iazigi din Câmpia de Vest, roxolani din Moldova/Muntenia) vs. Imperiul Roman","Moartea împăratului Traian (117 d.Hr.) declanșează o criză majoră la frontierele noii provincii Dacia: dacii rămași în afara granițelor, în alianță cu triburile sarmate, atacă violent provincia. Guvernatorul Gaius Julius Quadratus Bassus este ucis în lupte, iar Hadrian vine personal pe Dunăre și reorganizează administrativ și militar regiunea.",Respigerea atacurilor; reorganizarea apărării provinciei,da,Zonă aproximativă.,"batalii.csv — sec. II d.Hr., pct. 2"
RM-048,Războaiele Marcomanice — atacurile asupra Daciei,Războaie / invazii,166,180,166,180,sec. II d.Hr.,2,Dacia (Transilvania și Banat),1,—,Dacia,46.2,23.2,"Coaliție de triburi germanice și sarmate (marcomani, cvazi, iazigi, bastarni, daci liberi) vs. Imperiul Roman (Marcus Aurelius)","În timpul domniei lui Marcus Aurelius, o coaliție uriașă de triburi germanice și sarmate atacă frontierele imperiului, inclusiv Dacia. Transilvania și Banatul sunt puternic afectate de incursiunile iazigilor și ale dacilor liberi. Romanii reușesc cu greu să stabilizeze situația, transformând Dacia într-o zonă puternic militarizată (Legiunea a V-a Macedonica este adusă la Potaissa — Turda).",Stabilizare dificilă; militarizare intensă a Daciei,da,—,"batalii.csv — sec. II d.Hr., pct. 3"
RM-049,Invazia costobocilor (170 d.Hr.),Invazie,170,170,170,170,sec. II d.Hr.,2,"Dacia și, în înaintare, spre Balcani și Grecia",1,—,Dacia / Balcani,46.0,24.0,Costoboci (daci liberi din nordul și nord-estul României) vs. Imperiul Roman,"În cadrul războaielor marcomanice, dacii liberi costoboci străpung liniile romane, devastează Dacia și coboară prin Balcani până în Grecia, înainte de a fi opriți și respinși.",Devastarea Daciei; respingerea ulterioară a invadatorilor,da,—,"batalii.csv — sec. II d.Hr., pct. 3"
RM-050,Atacurile carpilor și ale dacilor liberi (214–248),Invazii / conflicte recurente,214,248,214,248,sec. III d.Hr.,3,Provincia Dacia și Moesia (Dobrogea de astăzi),1,—,Dacia / Dobrogea,45.8,26.0,Carpii și dacii liberi (costoboci) vs. Imperiul Roman,"Profitând de slăbirea Romei, carpii (zona Moldovei) și costobocii atacă în mod repetat garnizoanele romane din Dacia și Moesia. Campaniile romane se întind pe mai multe decenii, iar frontiera este supusă unei presiuni constante.",Slăbirea treptată a apărării romane; pierderi teritoriale ulterioare,da,—,"batalii.csv — sec. III d.Hr., pct. 1"
RM-051,Războiul lui Maximin Tracul împotriva carpilor și iazigilor,Război / campanie,236,238,236,238,sec. III d.Hr.,3,Linia Dunării și Dacia,1,—,Dacia / Dobrogea,44.8,24.5,Imperiul Roman (Maximin Tracul) vs. carpi și sarmați iazigi,"Împăratul roman Maximin Tracul vine personal pe linia Dunării și în Dacia pentru a respinge atacurile violente ale carpilor și ale sarmaților iazigi, obținând succese temporare în fața acestora.",Represalii romane reușite; consolidare temporară a frontierei,da,—,"batalii.csv — sec. III d.Hr., pct. 1"
RM-052,Invazia carpilor (245–247) și abandonarea Limesului Transalutanus,Invazie / ofensivă,245,247,245,247,sec. III d.Hr.,3,"Limes Transalutanus (Muntenia), Câmpia Română",1,—,Muntenia,44.8,25.0,Carpii vs. Imperiul Roman (Filip Arabul),"Carpii declanșează o ofensivă masivă, distrugând fortificațiile romane de pe Limesul Transalutanus (linia defensivă din Muntenia). Împăratul Filip Arabul vine în Dacia și poartă lupte grele; deși îi învinge și primește titlul de Carpicus Maximus, romanii evacuează definitiv această linie, retrăgându-se la vest de râul Olt.",Victorie romană costisitoare; abandonarea strategică a liniei Transalutanus,da,Locația pe hartă este aproximativă (linia Transalutanus).,"batalii.csv — sec. III d.Hr., pct. 1"
RM-053,Primul asediu al Sarmizegetusei (Ulpia Traiana) — invazia goților și a coalițiilor barbare,Invazie / asediu,c. 248,c. 249,248,249,sec. III d.Hr.,3,Ulpia Traiana Sarmizegetusa (județul Hunedoara),0,Hunedoara,Transilvania,45.517,22.787,"Coaliție barbară: goți, carpi, taifali, bastarni vs. Imperiul Roman (Dacia)","O armată confederată formată din goți, carpi, taifali și bastarni trece Prutul și Nistrul; un corp de oaste pătrunde adânc în Transilvania, asediind și provocând mari distrugeri capitalei provinciei, Ulpia Traiana Sarmizegetusa.",Distrugerea parțială a capitalei provinciale; slăbirea Daciei romane,da,Datare aproximativă (cca. 248–249).,"batalii.csv — sec. III d.Hr., pct. 2"
RM-054,Războaiele „scitice” din Dobrogea (Scythia Minor),Invazii / asedii,248,270,248,270,sec. III d.Hr.,3,"Dobrogea: Histria, Tomis (Constanța), Callatis (Mangalia)",1,Constanța / Tulcea,Dobrogea,44.0,28.4,Goți și heruli vs. Imperiul Roman (Scythia Minor),"Dobrogea este devastată prin atacuri maritime și terestre organizate de goți și heruli. Orașe înfloritoare precum Histria, Tomis și Callatis sunt asediate sau distruse parțial în repetate rânduri, fiind apoi refăcute parțial de către romani.",Distrugeri masive ale orașelor dobrogene; declin urban,da,—,"batalii.csv — sec. III d.Hr., pct. 2"
RM-055,Bătălia de la Naissus (context — în afara teritoriului României),Bătălie (context regional),269,269,269,269,sec. III d.Hr.,3,"Naissus (azi Niș, Serbia) — în afara teritoriului actual al României",1,—,—,43.32,21.9,Imperiul Roman (Claudius al II-lea) vs. coaliție de peste 300.000 de goți și heruli,"Marea victorie a împăratului Claudius al II-lea (Gothicus) împotriva unei coaliții uriașe de goți și heruli; deși bătălia s-a dat la sud de Dunăre, ea a salvat temporar provinciile romane de pe teritoriul României de la o distrugere completă.",Victoria romană; reducerea amenințării gotice asupra provinciilor dunărene,nu,Inclus ca eveniment de context regional; nu s-a desfășurat pe teritoriul actual al României.,"batalii.csv — sec. III d.Hr., pct. 2"
RM-056,Retragerea aureliană din Dacia,Retragere strategică / abandonare,271,275,271,275,sec. III d.Hr.,3,Dacia (întreg teritoriul de la nord de Dunăre),1,—,Dacia,45.8,23.5,"Imperiul Roman (Aurelian) vs. carpi, goți și alte triburi barbare","După ultimele victorii obținute în 271 împotriva carpilor și goților la nord de Dunăre, împăratul Aurelian decide strategic să abandoneze provincia, prea expusă și măcinată de decenii de războaie. Armata și administrația romană părăsesc definitiv teritoriul de la nord de Dunăre, granița imperială mutându-se pe fluviu; fosta provincie este ocupată treptat de vizigoți, carpi și taifali.",Abandonarea Daciei romane; ocuparea de către triburi germanice,da,"Eveniment de tip proces strategic, nu bătălie unică.","batalii.csv — sec. III d.Hr., pct. 3"
RM-057,Campaniile lui Constantin cel Mare împotriva goților și carpilor,Campanii / expediții,315,323,315,323,sec. IV d.Hr.,4,Oltenia și Muntenia (la nord de Dunăre),1,—,Oltenia / Muntenia,44.6,24.3,Imperiul Roman (Constantin cel Mare) vs. goți și carpi,"După retragerea aureliană, romanii păstrează capete de pod la nord de Dunăre. Constantin cel Mare declanșează o serie de ofensive majore pentru a-și securiza frontiera și a pedepsi triburile migratoare: armata romană trece Dunărea și poartă lupte grele în Oltenia și Muntenia, respingând atacurile goților și carpilor.",Respigerea atacurilor; refacerea prestigiului roman la nord de Dunăre,da,Zonă aproximativă; fără bătălii nominale în sursă.,"batalii.csv — sec. IV d.Hr., pct. 1"
RM-058,Războiul sarmatic-gotic din 332,Război / bătălie,332,332,332,332,sec. IV d.Hr.,4,Bazinele râurilor Mureș și Olt,1,—,Transilvania / Oltenia,45.9,23.0,Imperiul Roman (Constantin cel Mare) vs. goți (tervingi),"Constantin cel Mare obține o victorie zdrobitoare împotriva goților (tervingi) în bazinele râurilor Mureș și Olt. În urma conflictului, goții semnează un tratat de pace (foedus), devenind aliați (foederati) ai Romei și asigurând o perioadă de liniște la frontieră.",Victorie romană decisivă; foedus cu goții,da,Locația exactă a bătăliei nu este cunoscută.,"batalii.csv — sec. IV d.Hr., pct. 1"
RM-059,Campania lui Valens din 367 împotriva goților,Campanie / expediție punitivă,367,367,367,367,sec. IV d.Hr.,4,Trecerea Dunării pe la Daphne (lângă Oltenița) și teritoriile tervingilor,1,Călărași,Muntenia (sud),44.087,26.636,Imperiul Roman de Răsărit (Valens) vs. goți tervingi (Athanaric),"După încălcarea păcii de către goți (care sprijiniseră un pretendent la tronul imperial), Valens organizează expediții punitive masive. În 367, armata romană trece Dunărea pe un pod de vase pe la Daphne (lângă Oltenița) și devastează teritoriile tervingilor, dar aceștia se retrag în Munții Carpați (probabil în Buzău/Vrancea) pentru a evita o bătălie decisivă.","Devastarea teritoriilor gotice, fără bătălie decisivă",da,—,"batalii.csv — sec. IV d.Hr., pct. 2"
RM-060,Campania lui Valens din 369 și pacea de pe Dunăre,Campanie / tratat de pace,369,369,369,369,sec. IV d.Hr.,4,"Trecerea pe la Noviodunum (Isaccea, jud. Tulcea) și Dunărea de Jos",1,Tulcea,Dobrogea,45.268,28.458,Imperiul Roman de Răsărit (Valens) vs. goți tervingi (Athanaric),"Romanii atacă din nou, traversând pe la Noviodunum, și obțin o serie de victorii locale împotriva războinicilor conduși de Athanaric. Conflictul se încheie în toamna anului 369 prin faimosul tratat de pace semnat de Valens și Athanaric direct pe o corabie, la mijlocul Dunării.","Pace semnată pe Dunăre; încetarea ostilităților, graniță pe fluviu",da,—,"batalii.csv — sec. IV d.Hr., pct. 2"
RM-061,Războiul civil gotic dintre Athanaric și Fritigern,Război civil,c. 370,c. 375,370,375,sec. IV d.Hr.,4,Câmpia Română (teritoriile vizigotice),1,—,Muntenia / Oltenia,44.7,25.6,"Fracțiunea creștină ariană (Fritigern, cu sprijin roman) vs. fracțiunea păgână (Athanaric)","În rândul vizigoților izbucnește un conflict intern violent pentru conducerea triburilor din Câmpia Română: Fritigern, liderul facțiunii convertite la creștinismul arian, se războiește cu păgânul Athanaric și primește ajutor militar de la romani, măcinând forțele rivalului.",Slăbirea lui Athanaric; consolidarea lui Fritigern,da,Datare aproximativă; zonă aproximativă.,"batalii.csv — sec. IV d.Hr., pct. 3"
RM-062,Invazia hunilor (376) și prăbușirea stăpânirii gotice,Invazie,376,376,376,376,sec. IV d.Hr.,4,Estul și nordul Carpaților; linia Prutului/Siretului (valurile de pământ din Moldova),1,—,Moldova / Muntenia,46.8,27.5,Hunii vs. goți (Athanaric) și populațiile gotice din regiune,"Hunii atacă violent stăpânirile gotice de la est și nord de Carpați. Athanaric încearcă să organizeze o linie de apărare fortificată pe aliniamentul Prutului sau Siretului, atribuită uneori valurilor de pământ istorice din Moldova, dar este înfrânt rapid. Panicați, sute de mii de goți conduși de Fritigern se refugiază în 376 la granița Dunării, cerând azil în Imperiul Roman.",Prăbușirea puterii gotice în regiune; exodul goților peste Dunăre,da,—,"batalii.csv — sec. IV d.Hr., pct. 3"
RM-063,Războaiele defensive de pe limesul dunărean (Scythia Minor),Războaie defensive / asedii,c. 400,c. 500,400,500,sec. V d.Hr.,5,"Dobrogea: Capidava, Histria, Dinogetia și fortificațiile de pe Dunăre",1,Constanța / Tulcea,Dobrogea,44.6,28.3,"Imperiul Roman de Răsărit (Bizantin) vs. huni (rămășițe), uzi, sciri, heruli și primele incursiuni proto-bulgare","Dobrogea rămâne sub control bizantin și devine o zonă permanentă de război defensiv. Trupele romano-bizantine resping valuri succesive de atacatori migratori, iar fortificațiile de pe Dunăre (Capidava, Histria, Dinogetia) sunt frecvent atacate și reconstruite.","Menținerea controlului bizantin în Dobrogea, cu distrugeri și refaceri repetate",da,"Eveniment tip, pe mai multe decenii.","batalii.csv — sec. V d.Hr., pct. 4"
RM-064,Campaniile lui Attila de-a lungul Dunării,Invazii / campanii de jaf,441,447,441,447,sec. V d.Hr.,5,Scythia Minor (Dobrogea) și linia Dunării,1,Constanța / Tulcea,Dobrogea,44.6,28.3,Imperiul Hunic (Attila) vs. Imperiul Roman de Răsărit (Scythia Minor),"Hunii își stabilesc centrul puterii în Câmpia Panonică și controlează militar teritorii vaste, inclusiv Banatul, Crișana, Transilvania și Muntenia. Sub Attila (434–453), lansează atacuri devastatoare asupra provinciilor Imperiului Roman de Răsărit de-a lungul Dunării: orașele fortificate din Dobrogea sunt asediate, jefuite sau parțial distruse în anii 441–447 pentru a forța Constantinopolul să plătească subsidii uriașe.",Distrugeri în Dobrogea; plata unor subsidii uriașe de către Bizanț,da,—,"batalii.csv — sec. V d.Hr., pct. 1"
RM-065,Bătălia de la râul Nedao și revolta gepizilor,Bătălie / revoltă,454,454,454,454,sec. V d.Hr.,5,"Pe un afluent al Dunării, în zona panonică / bănățeană (locație disputată)",1,—,Banat / Panonia,45.8,20.1,Gepizi (Ardaric) și coaliația germanică vs. fiii lui Attila (Imperiul Hunic),"Imediat după moartea lui Attila (453), imperiul hunic se destramă în urma unei revolte masive a popoarelor germanice vasale, conduse de gepizi. În bătălia din 454 (localizată istoric pe un afluent al Dunării sau în zona panonico-bănățeană), Ardaric îi învinge pe fiii lui Attila; gepizii preiau apoi controlul teritorial asupra Transilvaniei și Banatului, nucleul Regatului Gepid.",Prăbușirea imperiului hunic; înființarea Regatului Gepid în Transilvania și Banat,partial,Locația exactă a bătăliei este disputată; consecințele privesc direct teritoriul României.,"batalii.csv — sec. V d.Hr., pct. 2"
RM-066,Conflictele ostrogoților cu gepizii,Conflicte teritoriale,c. 455,c. 500,455,500,sec. V d.Hr.,5,"Vestul și sudul României actuale (Banat, Crișana, Transilvania de vest)",1,—,Banat / Crișana / Transilvania (vest),45.9,21.5,Ostrogoți (inclusiv sub Teodoric cel Mare) vs. gepizi,"Ostrogoții, eliberați de sub huni, se află în dispute teritoriale constante cu gepizii și cu Imperiul Roman de Răsărit. Timp de decenii, grupuri masive de ostrogoți controlează sau atacă regiuni din vestul și sudul României actuale, generând ciocniri locale frecvente cu gepizii pentru rutele de jaf și pășunat.",Instabilitate cronică; fără un câștigător clar,da,Zonă aproximativă; fără bătălii nominale.,"batalii.csv — sec. V d.Hr., pct. 3"
RM-067,Incursiunile slave și proto-bulgare la Dunăre (începutul sec. VI),Incursiuni / invazii,c. 527,c. 533,527,533,sec. VI d.Hr.,6,"Muntenia, Oltenia și Dobrogea",1,—,Muntenia / Oltenia / Dobrogea,44.5,25.8,"Slavi (Antii, Sclaveni) și populații turanice (proto-bulgari, kutriguri) vs. Imperiul Bizantin","Începând cu domnia lui Iustin I și atingând apogeul sub Iustinian I (527–565), triburile slave și populațiile turanice atacă sistematic linia Dunării. Generalul bizantin Chilbudios, comandant al Thraciei din 530, trece de mai multe ori la nord de Dunăre pentru represalii, până când este învins și ucis în luptă (cca. 533).",Devastări în zona Dunării; moartea lui Chilbudios; reconstrucția fortificațiilor,da,Datare aproximativă a morții lui Chilbudios (c. 533).,"batalii.csv — sec. VI d.Hr., pct. 1"
RM-068,Războiul gepido-lombard (567) și ascensiunea avarilor,Război,567,567,567,567,sec. VI d.Hr.,6,Transilvania și Banat (Regatul Gepid),1,—,Transilvania / Banat,46.0,22.8,Longobarzi (Alboin) și Kaganatul Avar (Baian) vs. Regatul Gepid,"Conflictul militar major cu consecințe europene: conducătorul longobard Alboin se aliază cu Kaganatul Avar pentru a-i distruge pe gepizi. Gepizii sunt zdrobiți militar pe teritoriul Transilvaniei și al Panoniei, iar locul lor este luat de avari, care devin cea mai mare forță militară din regiune și preiau controlul politic asupra teritoriilor intracarpatice și din vestul României.",Distrugerea Regatului Gepid; hegemonia avară în bazinul carpatic,da,—,"batalii.csv — sec. VI d.Hr., pct. 2"
RM-069,Asediile avaro-slave asupra orașelor din Dobrogea,Asedii / invazii,580,587,580,587,sec. VI d.Hr.,6,"Dobrogea: Durostorum, Tropaeum Traiani, Histria, Tomis, Dinogetia",1,Constanța / Tulcea,Dobrogea,44.3,28.2,Avari și slavi vs. Imperiul Bizantin (orașele fortificate din Dobrogea),"Avarii, aliați adesea cu slavii, își îndreaptă atacurile spre Imperiul Bizantin, Dobrogea devenind una dintre principalele porți de invazie. În anii 580–587 asediază și distrug parțial marile orașe fortificate: Durostorum, Tropaeum Traiani, Histria, Tomis, Dinogetia.",Distrugerea parțială a orașelor dobrogene; declin urban pronunțat,da,—,"batalii.csv — sec. VI d.Hr., pct. 3"
RM-070,Campaniile lui Mauriciu la nord de Dunăre (bătăliile de pe Ialomița),Campanii / bătălii,591,602,591,602,sec. VI d.Hr.,6,Muntenia (zona râului Ialomița) și Dobrogea,1,Ialomița / Constanța,Muntenia / Dobrogea,44.7,27.0,Imperiul Bizantin (Priscus și Petru) vs. slavi și avari,"Împăratul bizantin Mauriciu refuză să mai plătească tribut avarilor și mută războiul la nord de Dunăre. Generalii săi trec fluviul în zona Munteniei și Dobrogei, obținând victorii militare importante împotriva slavilor și avarilor chiar pe teritoriul actual al României — de exemplu, bătăliile din zona râului Ialomița sau în apropiere de Dunăre, în anii 593 și 601–602.",Victorii bizantine temporare la nord de Dunăre,da,Locațiile exacte sunt aproximative.,"batalii.csv — sec. VI d.Hr., pct. 3"
RM-071,Conflictele de autoapărare ale comunităților locale (etnogeneza românească),Conflict local / autoapărare,c. 600,c. 700,600,700,sec. VI–VII d.Hr.,7,Zonele muntoase și împădurite ale Carpaților,1,—,Transilvania / Carpați,46.0,25.0,"Comunități locale daco-romane (obști sătești) vs. migratori (slavi, avari)","Populația autohtonă, fără armată centralizată, se organizează în comunități locale; conflictele cu migratorii sunt preponderent de autoapărare. Localnicii se retrag frecvent în zonele muntoase și împădurite pentru a evita rutele de invazie, generând un amestec etno-cultural complex cu slavii rămași la nord de Dunăre, proces care duce la definitivarea etnogenezei românești.",Supraviețuirea și consolidarea comunităților românești locale,da,Eveniment tip; nu există nume de lupte sau lideri consemnați.,"batalii.csv — sec. VII d.Hr., pct. 4"
RM-072,Revolta armatei bizantine de la Dunăre (602) și prăbușirea limesului,Revoltă militară / mutinie,602,602,602,602,sec. VI–VII d.Hr.,6,Tabăra militară bizantină de la Dunăre (teritoriul actual al României),1,—,Dunărea (Muntenia / Dobrogea),44.3,27.0,Armata bizantină cantonată la Dunăre (Phocas) vs. Imperiul Bizantin (Mauriciu),"În toamna anului 602, armata bizantină cantonată la Dunăre primește ordinul de a ierna la nord de fluviu, în teritoriul inamic (pe pământ românesc). Soldații se revoltă, conduși de centurionul Phocas, părăsesc frontiera și pornesc spre Constantinopol pentru a-l detrona pe împărat. Evenimentul marchează prăbușirea ireversibilă a limesului dunărean.",Detronarea lui Mauriciu; prăbușirea apărării dunărene și deschiderea drumului slavilor,da,Locația exactă a taberei nu este cunoscută.,"batalii.csv — sec. VI d.Hr., consecințe; sec. VII d.Hr., pct. 1"
RM-073,Invaziile avaro-slave și abandonarea orașelor din Dobrogea (602–626),Invazii / asedii,602,626,602,626,sec. VII d.Hr.,7,"Dobrogea: Histria, Tomis, Dinogetia, Tropaeum Traiani",1,Constanța / Tulcea,Dobrogea,44.4,28.2,Avari și slavi vs. Imperiul Bizantin (orașele din Dobrogea),"După revolta din 602, Dobrogea și restul teritoriului rămân complet expuse. Avarii și slavii declanșează atacuri devastatoare: fortărețele romano-bizantine din Dobrogea suferă asedii și distrugeri violente, multe fiind definitiv abandonate sau ruralizate în primele decenii ale secolului VII. Teritoriul României servește drept bază de operațiuni și coridor de trecere pentru atacurile care culminează cu asediul Constantinopolului din 626.",Sfârșitul vieții urbane antice în Dobrogea; dominare avaro-slavă,da,—,"batalii.csv — sec. VII d.Hr., pct. 1"
RM-074,Conflictele interne post-avare din Transilvania,Conflicte de uzură / revolta populațiilor supuse,c. 626,c. 680,626,680,sec. VII d.Hr.,7,Transilvania și zonele de vest ale României,1,—,Transilvania / Banat / Crișana,46.3,23.2,Kaganatul Avar vs. triburi slave și populații locale (protoromâne),"După eșecul asediului Constantinopolului din 626, autoritatea Hanatului Avar se clatină. În Transilvania și în zonele de vest au loc conflicte de uzură între avari și triburile slave sau populațiile locale care încearcă să scape de hegemonia nomadă; arheologia atestă distrugeri și schimbări de culturi materiale specifice acestei instabilități.",Slăbirea kaganatului avar; instabilitate politică,da,"Eveniment tip, fără bătălii nominale.","batalii.csv — sec. VII d.Hr., pct. 2"
RM-075,Bătălia de la Ongal (680),Bătălie,680,680,680,680,sec. VII d.Hr.,7,Zona fortificată Ongal — Delta Dunării / nordul Dobrogei / sudul Basarabiei,1,Tulcea,Dobrogea / Basarabia (historic),45.35,29.1,Protobulgari (hanul Asparuh) vs. Imperiul Bizantin (Constantin al IV-lea),"Triburile protobulgare conduse de hanul Asparuh migrează spre gurile Dunării. Împăratul bizantin Constantin al IV-lea organizează o expediție masivă pe apă și pe uscat, dar confruntarea din zona fortificată Ongal se soldează cu o victorie bulgară zdrobitoare, obținută în zonele mlăștinoase. În urma victoriei, bulgarii trec Dunărea și pun bazele Primului Imperiu Bulgar (681), controlând temporar și zonele de câmpie de la nord de Dunăre.",Victorie bulgară; înființarea Primului Imperiu Bulgar,partial,Localizarea exactă a Ongalului este disputată (Delta Dunării / Basarabia).,"batalii.csv — sec. VII d.Hr., pct. 3"
RM-076,Conflictele de frontieră ale Kaganatului Avar (declinul avar),Conflicte de frontieră / războaie civile,c. 700,c. 800,700,800,sec. VIII d.Hr.,8,"Transilvania, Banat, Crișana",1,—,Transilvania / Banat / Crișana,46.2,22.5,"Kaganatul Avar vs. populații slave și romanice locale; presiunea francă (Carol cel Mare, de la 791)","Avarii controlează politic populația sedentară; există numeroase ciocniri de intensitate mică și medie la granițele kaganatului. Campaniile decisive ale lui Carol cel Mare (începând din 791) și destabilizarea internă a avarilor generează conflicte violente care cuprind și vestul Transilvaniei sau Banatul, ducând la prăbușirea puterii avare.",Prăbușirea puterii avare; deschiderea teritoriului către expansiunea bulgară,da,"Eveniment tip, fără bătălii nominale.","batalii.csv — sec. VIII d.Hr., pct. 2"
RM-077,Incursiunile de pradă asupra comunităților locale („veacurile întunecate”),Incursiuni de jaf / conflict endemic,c. 700,c. 800,700,800,sec. VIII d.Hr.,8,"Teritoriul populației protoromâne (așezări rurale, culturile Ipotești-Cândești și Dridu)",1,—,Muntenia / Oltenia / Dobrogea,44.8,25.5,Populația locală protoromână (cnezi și juzi timpurii) vs. triburi slave și nomade,"Lipsa unor izvoare scrise detaliate face ca luptele purtate de liderii locali să nu fie consemnate cu nume proprii. Descoperirile de arme, fortificațiile de pământ (palisade) și așezările incendiate demonstrează o stare de conflict endemic defensiv, populația fiind adesea prinsă la mijloc în incursiunile de pradă ale triburilor slave și nomade.",Apărare locală; fortificarea și abandonarea periodică a așezărilor,da,"Eveniment tip, documentat arheologic.","batalii.csv — sec. VIII d.Hr., pct. 3"
RM-078,Campaniile lui Constantin al V-lea împotriva bulgarilor la Dunărea de Jos,Campanii / războaie bizantino-bulgare,741,775,741,775,sec. VIII d.Hr.,8,Dunărea de Jos și Dobrogea,1,Constanța / Tulcea / Călărași,Dobrogea / Dunărea de Jos,44.3,27.7,Imperiul Bizantin (Constantin al V-lea) vs. Primul Imperiu Bulgar (Tervel și succesorii),"Dobrogea și regiunile de câmpie din stânga Dunării devin teatre de operațiuni și zone de dispute militare între bulgari și bizantini. Constantin al V-lea organizează nouă campanii militare împotriva bulgarilor; multe înfruntări se desfășoară în zona Dunării de Jos (inclusiv Dobrogea), flotele bizantine navigând pe Dunăre și pe mare pentru a ataca taberele bulgare și slave.",Presiune militară bizantină constantă; control alternant al Dunării de Jos,da,Fără bătălii nominale pe teritoriul României (în afară de context).,"batalii.csv — sec. VIII d.Hr., pct. 1"
RM-079,Bătălia de la Anchialos (context — în afara teritoriului României),Bătălie (context regional),763,763,763,763,sec. VIII d.Hr.,8,"Anchialos (azi Pomorie, Bulgaria) — în afara teritoriului actual al României",1,—,—,42.56,27.64,Imperiul Bizantin (Constantin al V-lea) vs. Primul Imperiu Bulgar,"Deși bătălia s-a dat mai la sud, victoria bizantină a reconfigurat controlul militar din întreaga regiune pontică și dobrogeană, influențând direct echilibrul de putere pe teritoriul actual al României.",Victoria bizantină; reconfigurare regională,nu,Inclus ca eveniment de context regional.,"batalii.csv — sec. VIII d.Hr., pct. 1"
RM-080,Luptele pentru controlul minelor de sare și aur (sudul Transilvaniei și Banat),Conflicte pentru resurse,c. 800,c. 899,800,899,sec. IX d.Hr.,9,Sudul Transilvaniei și Banat,1,—,Transilvania / Banat,45.8,23.0,Primul Imperiu Bulgar vs. structuri politice locale,"Sudul Transilvaniei și Banatul sunt zone de conflict armat direct din cauza controlului asupra minelor de sare și aur, disputate între bulgari și structurile locale, în contextul extinderii autorității bulgare la nord de Dunăre.",Control alternant al resurselor; instabilitate în zonă,da,Eveniment tip.,"batalii.csv — sec. IX d.Hr., pct. 2"
RM-081,Revolta triburilor din Dacia dunăreană împotriva bulgarilor,Revoltă / răscoală,824,824,824,824,sec. IX d.Hr.,9,Dacia dunăreană (sudul Munteniei / Banatul de est),1,—,Muntenia / Banat,44.6,24.0,"Triburi locale (obotiți/praedeneceni) vs. Primul Imperiu Bulgar (Krum, Omurtag)","Analele Regale Franceze notează că, în 824, triburile din Dacia dunăreană (precum obotiții/praedenecenii) s-au ridicat la luptă și au căutat alianțe externe (cu Imperiul Carolingian) pentru a scăpa de sub suzeranitatea bulgară.",Revoltă parțial înăbușită; căutarea de alianțe externe,da,Identificarea triburilor și localizarea sunt discutabile.,"batalii.csv — sec. IX d.Hr., pct. 2"
RM-082,Invaziile pecenegilor în Etelköz (dislocarea maghiarilor),Invazii / incursiuni,c. 870,c. 899,870,899,sec. IX d.Hr.,9,"Spațiul dintre Nistru, Prut și Siret (Etelköz, azi în Ucraina/Republica Moldova)",1,—,Moldova (historic),46.5,29.5,Pecenegi vs. maghiari (Etelköz) și comunitățile sedentare din regiune,"În a doua jumătate a secolului IX, regiunile din afara arcului carpatic (Moldova și Muntenia) devin teatre de război din cauza pecenegilor: aceștia lansează atacuri devastatoare în spațiul dintre Nistru, Prut și Siret, dislocând maghiarii din Etelköz și generând conflicte locale sângeroase cu comunitățile sedentare, forțând fortificarea așezărilor.",Dislocarea maghiarilor spre Panonia; presiune pecenegă,partial,Zona se află în mare parte în afara granițelor actuale ale României.,"batalii.csv — sec. IX d.Hr., pct. 3"
RM-083,Rezistența voievodatului lui Gelu împotriva maghiarilor,Război de apărare / bătălie,c. 896,c. 896,896,896,sec. IX d.Hr.,9,Transilvania centrală; lupta de lângă râul Căpuș (jud. Cluj),1,Cluj,Transilvania,46.79,23.45,Voievodatul lui Gelu (români) vs. triburile maghiare (Tuhutum),"După pătrunderea maghiarilor în Bazinul Carpatic (c. 896), Gelu, numit în Gesta Hungarorum „duce al românilor”, refuză să cedeze pământurile și poartă bătălii violente împotriva căpeteniei maghiare Tuhutum. Este în cele din urmă înfrânt și ucis lângă râul Căpuș.",Înfrângerea și moartea lui Gelu; cucerirea Transilvaniei centrale de către maghiari,da,"Sursa principală este Gesta Hungarorum (cronica din sec. XII), cu datare disputată de istoriografie.","batalii.csv — sec. IX d.Hr., pct. 1"
RM-084,Rezistența voievodatului lui Glad (bătălia de la Mureș/Timiș),Război de apărare / bătălie,c. 896,c. 896,896,896,sec. IX d.Hr.,9,Banat: vadurile râurilor Mureș și Timiș,1,Timiș / Arad,Banat,45.9,21.2,"Voievodatul lui Glad (vlahi, slavi, bulgari) vs. triburile maghiare (Árpád)","Glad conduce o armată formată din vlahi, slavi și bulgari împotriva invadatorilor. Luptele principale se dau la vadurile râurilor Mureș și Timiș, unde este înfrânt, ulterior acceptând o formă de suzeranitate.",Înfrângerea lui Glad; suzeranitate maghiară asupra Banatului,da,Conform Gesta Hungarorum; reluat și la sec. X d.Hr.,"batalii.csv — sec. IX d.Hr., pct. 1"
RM-085,Rezistența voievodatului lui Menumorut — asediul Biharei,Război de apărare / asediu,c. 896,c. 896,896,896,sec. IX d.Hr.,9,"Crișana: cetatea Biharea (lângă actuala Biharia, jud. Bihor)",0,Bihor,Crișana,47.15,21.93,Voievodatul lui Menumorut (români) vs. triburile maghiare (Árpád / trupele acestuia),"Oștile lui Menumorut înfruntă trupele maghiare trimise de Árpád; conflictul se concentrează în jurul asediului cetății Biharea. Menumorut rezistă inițial, stabilind ulterior o pace prin alianță dinastică (fiica sa este dată în căsătorie fiului lui Árpád).",Pace prin alianță dinastică; supunere nominală a voievodatului,da,Conform Gesta Hungarorum; datare disputată.,"batalii.csv — sec. IX d.Hr., pct. 1"
RM-086,Asediul cetății Biharia (voievodatul lui Menumorut),Asediu,c. 900,c. 905,900,905,sec. X d.Hr.,10,Cetatea Biharia (județul Bihor); cetățile Săcueni și Satu Mare,1,Bihor / Satu Mare,Crișana,47.15,21.93,Voievodatul lui Menumorut vs. triburile maghiare (Árpád),"Menumorut, care stăpânea teritoriul dintre Mureș și Someș, respinge inițial cererile de supunere ale maghiarilor; cetățile sale (Săcueni, Satu Mare) sunt asediate. După un asediu de 13 zile al cetății Biharia, acceptă pacea, oferindu-și fiica în căsătorie fiului lui Árpád.",Acceptarea păcii; alianță dinastică cu maghiarii,da,Conform Gesta Hungarorum.,"batalii.csv — sec. X d.Hr., pct. 1"
RM-087,Bătălia de pe râul Almaș (voievodatul lui Gelu vs. Tuhutum),Bătălie,c. 900,c. 905,900,905,sec. X d.Hr.,10,Râul Almaș (județul Sălaj),1,Sălaj,Transilvania,47.14,23.26,Voievodatul lui Gelu (români) vs. triburile maghiare (Tuhutum),"Tuhutum atacă teritoriul condus de „Gelu, un anumit român”. Armata lui Gelu, slab echipată, este învinsă în bătălia de pe râul Almaș; Gelu încearcă să se retragă spre fortăreața sa de pe Someș (probabil Dăbâca), dar este prins și ucis de călăreții maghiari.",Victorie maghiară; moartea lui Gelu; cucerirea Transilvaniei de nord-vest,da,Conform Gesta Hungarorum.,"batalii.csv — sec. X d.Hr., pct. 1"
RM-088,Bătălia de pe râul Timiș (voievodatul lui Glad vs. maghiari),Bătălie,c. 900,c. 905,900,905,sec. X d.Hr.,10,Râul Timiș (Banat),1,Timiș,Banat,45.6,21.3,"Voievodatul lui Glad (români, bulgari, pecenegi) vs. maghiari (Zuard, Cadusa — nepotul lui Tuhutum)","La începutul secolului X, Glad, care conducea un teritoriu între Dunăre, Mureș și Tisa, opune rezistență armatei maghiare. Strânge o armată de români, bulgari și pecenegi, dar este învins în bătălia de pe râul Timiș și nevoit să ceară pace, acceptând o formă de suzeranitate.",Înfrângerea lui Glad; suzeranitate maghiară,da,Conform Gesta Hungarorum; datare disputată.,"batalii.csv — sec. X d.Hr., pct. 1"
RM-089,Raidurile pecenegilor în regiunile extracarpatice,Raiduri / conflicte de frontieră,c. 900,c. 999,900,999,sec. X d.Hr.,10,Moldova și Muntenia (regiunile extracarpatice),1,—,Moldova / Muntenia,46.0,26.8,"Pecenegi vs. populații locale românești, bulgari și bizantini","Pecenegii, stabiliți în stepele nord-pontice și în regiunile extracarpatice, întreprind numeroase expediții de jaf și conflicte de frontieră împotriva populațiilor locale românești, dar și împotriva bulgarilor și bizantinilor. Adesea sunt folosiți ca mercenari în conflictele dintre cnezi sau țari.",Instabilitate cronică și deplasări de populație,da,Eveniment tip.,"batalii.csv — sec. X d.Hr., pct. 3"
RM-090,Invazia lui Sviatoslav la Dunărea de Jos (968–971),Invazie / cucerire,968,971,968,971,sec. X d.Hr.,10,"Dobrogea și gurile Dunării (Pereiaslaveț, identificat probabil cu Nufăru, jud. Tulcea)",1,Tulcea,Dobrogea,45.15,28.9,Cnezatul de la Kiev (Sviatoslav I) vs. Imperiul Bizantin și Țaratul Bulgar,"Împăratul bizantin Nichifor al II-lea Focas îl plătește pe cneazul rus Sviatoslav să atace țaratul Bulgar. Sviatoslav invadează teritoriul de la Dunăre, cucerind numeroase cetăți (inclusiv Pereiaslaveț) și decide să-și mute capitala acolo, amenințând direct Bizanțul.",Cucerire temporară a Dunării de Jos de către Sviatoslav,da,"Identificarea Pereiaslavețului cu Nufăru este probabilă, nu sigură.","batalii.csv — sec. X d.Hr., pct. 2"
RM-091,Campania lui Ioan Tzimiskes și asediul Dristorului,Campanie / asediu,971,971,971,971,sec. X d.Hr.,10,"Cetatea Dristor (azi Silistra, la granița actuală a României)",1,—,Dobrogea (graniță),44.12,27.26,Imperiul Bizantin (Ioan I Tzimiskes) vs. cnezatul de la Kiev (Sviatoslav),"Noul împărat bizantin Ioan I Tzimiskes pornește o contraofensivă fulgerătoare și asediază cetatea Dristor, unde se refugiase Sviatoslav. După lupte grele pe uscat și pe Dunăre (bizantinii folosesc focul grecesc), rușii sunt învinși și se retrag; Dobrogea reintră sub controlul direct al Imperiului Bizantin.",Retragerea rușilor; restaurarea controlului bizantin asupra Dobrogei,partial,"Dristorul este azi în Bulgaria, dar asediul s-a desfășurat imediat la granița Dobrogei românești.","batalii.csv — sec. X d.Hr., pct. 2"
RM-092,Campania lui Ștefan I împotriva voievodatului lui Gyula,Campanie / cucerire,1003,1003,1003,1003,sec. XI d.Hr.,11,Alba Iulia (Transilvania),0,Alba,Transilvania,46.07,23.57,Regatul Ungariei (Ștefan I) vs. voievodatul lui Gyula (Iuliu cel Tânăr),"Regele Ștefan I al Ungariei atacă voievodatul condus de Gyula, cu centrul la Alba Iulia, pentru a-și extinde autoritatea la est de Tisa. Gyula este luat prizonier, iar teritoriul său este anexat, consolidând stăpânirea maghiară în Transilvania.",Anexarea voievodatului lui Gyula la Regatul Ungariei,da,—,"batalii.csv — sec. XI d.Hr., pct. 1"
RM-093,Războiul împotriva lui Ahtum (Banat),Război / cucerire,c. 1003,c. 1008,1003,1008,sec. XI d.Hr.,11,"Banat: reședința Morisena (Cenad, jud. Timiș)",0,Timiș,Banat,46.13,20.58,"Regatul Ungariei (Ștefan I, generalul Csanád) vs. voievodatul lui Ahtum","Regele Ștefan I trimite o armată condusă de generalul Csanád împotriva voievodatului lui Ahtum din Banat. Ahtum este ucis în luptă, iar reședința sa de la Morisena este cucerită; Banatul intră sub stăpânire ungară (datarea între c. 1003 și 1008 este discutată).",Cucerirea Banatului; uciderea lui Ahtum,da,Datarea exactă este disputată (1003–1028 în sursă; majoritatea istoricilor: c. 1008).,"batalii.csv — sec. XI d.Hr., pct. 1"
RM-094,Marea invazie a pecenegilor (1048),Invazie / conflict,1048,1048,1048,1048,sec. XI d.Hr.,11,"Dunărea de Jos, Dobrogea (tema bizantină Paristrion)",1,Constanța / Tulcea,Dobrogea,44.3,27.8,"Pecenegi (hanul Tyrah, peste 80.000) vs. Imperiul Bizantin și pecenegul rival Kegen","Peste 80.000 de pecenegi conduși de hanul Tyrah trec Dunărea înghețată, declanșând un conflict devastator cu garnizoanele bizantine și cu facțiunea rivală a pecenegului Kegen. Bizanțul este obligat să le permită așezarea în zonă, schimbând echilibrul etnic al Dobrogei.",Așezarea pecenegilor în Imperiu (ca foederati),da,—,"batalii.csv — sec. XI d.Hr., pct. 3"
RM-095,Bătălia de la Chiraleș (pecenegi și uzi),Bătălie,1068,1068,1068,1068,sec. XI d.Hr.,11,"Chiraleș (județul Bistrița-Năsăud), Transilvania de nord",0,Bistrița-Năsăud,Transilvania,47.06,24.32,"Regatul Ungariei (Solomon, Géza, Ladislau) vs. pecenegi și uzi","Una dintre cele mai răsunătoare ciocniri militare din Transilvania medievală timpurie: o armată mare de pecenegi și uzi pătrunde în Transilvania și Bihor pentru jaf. La întoarcere, migratorii sunt prinși și zdrobiți complet în apropierea localității Chiraleș de trupele regelui Solomon și ale prinților Géza și Ladislau.",Zdrobrea completă a invadatorilor,da,—,"batalii.csv — sec. XI d.Hr., pct. 2"
RM-096,"Revolta conducătorilor locali din Dobrogea (Tatos, Sestlav, Saca)",Revoltă / răscoală,c. 1070,c. 1090,1070,1090,sec. XI d.Hr.,11,"Dobrogea: Silistra (Tatos), Vicina (Sestlav), fortărețe dunărene",1,Constanța / Tulcea,Dobrogea,44.5,28.3,"Conducători locali (Tatos la Silistra, Sestlav la Vicina, Saca) vs. Imperiul Bizantin","Populația din Dobrogea (români, pecenegi asimilați, bulgari) se răscoală împotriva abuzurilor fiscale ale Constantinopolului. Trei conducători locali preiau controlul unor fortărețe dunărene și duc lupte cu bizantinii, iar confruntările se încheie spre sfârșitul secolului, când împăratul Alexie I Comnen restaurează autoritatea imperială.",Restaurarea autorității bizantine după decenii de revoltă,da,Locațiile exacte (Vicina) sunt disputate.,"batalii.csv — sec. XI d.Hr., pct. 3"
RM-097,Cucerirea și consolidarea stăpânirii maghiare în Transilvania,Cucerire / conflicte de rezistență,c. 1100,c. 1199,1100,1199,sec. XII d.Hr.,12,Transilvania (estul și sudul arcului carpatic),1,—,Transilvania,46.0,24.5,"Regatul Ungariei vs. formațiuni politice locale (bannate, cnezate, voievodate românești, enclave pecenego-cumane)","Regatul Ungariei își extinde treptat controlul militar spre estul și sudul Transilvaniei. Pentru a-și securiza noile frontiere în fața nomazilor, regii folosesc fortificații de pământ și lemn și încep colonizarea secuilor și sașilor; procesul întâmpină rezistență din partea formațiunilor locale, cu prezență militară maghiară constantă.",Consolidarea stăpânirii maghiare; integrarea treptată a Transilvaniei,da,Proces pe un secol; nu este un singur conflict.,"batalii.csv — sec. XII d.Hr., pct. 1"
RM-098,Invaziile cumanilor și pecenegilor peste trecătorii Carpaților,Raiduri / hărțuieli de frontieră,c. 1100,c. 1199,1100,1199,sec. XII d.Hr.,12,Trecătoriile Carpaților și zonele montane (estul Transilvaniei),1,—,Transilvania / Moldova,45.9,25.8,Cumani și pecenegi vs. garnizoane maghiare și secuiești,"Cumanii, așezați în zonele de câmpie de la sud și est de Carpați, lansează atacuri repetate peste munți în Transilvania și peste Dunăre în Imperiul Bizantin. Zonele montane și trecătorile devin teatrul unor hărțuieli constante între garnizoanele maghiare/secuiești și călăreții nomazi.",Raiduri repetate; consolidarea granițelor maghiare cu secui și sași,da,Eveniment tip.,"batalii.csv — sec. XII d.Hr., pct. 2"
RM-099,Războiul bizantino-maghiar (1127–1129),Război,1127,1129,1127,1129,sec. XII d.Hr.,12,"Dunărea de Jos, Banat, Belgrad și Branișevo",1,—,Banat / Dunărea de Jos,44.8,21.5,Regatul Ungariei (Ștefan al II-lea) vs. Imperiul Bizantin,"Regele Ștefan al II-lea al Ungariei atacă Imperiul Bizantin, distrugând Belgradul și Branișevo. Bizantinii răspund printr-o contraofensivă puternică, controlând militar pentru scurt timp zone de la Dunărea de Jos și din Banat.",Contraofensivă bizantină; control temporar asupra Dunării de Jos,da,—,"batalii.csv — sec. XII d.Hr., pct. 3"
RM-100,Campaniile lui Manuel I Comnen la Dunăre,Campanii / expediții,1151,1156,1151,1156,sec. XII d.Hr.,12,"Dunărea de Mijloc și de Jos, inclusiv părți din Banat și Dobrogea",1,—,Banat / Dobrogea,44.6,27.0,Imperiul Bizantin (Manuel I Comnen) vs. Regatul Ungariei,"Împăratul bizantin conduce expediții militare în regiunea Dunării de Mijloc și de Jos pentru a pedepsi incursiunile maghiare și a-și securiza granița nordică, transformând regiunile de frontieră (inclusiv părți din Banat și Dobrogea) în zone de război active.",Securizarea temporară a graniței bizantine; tensiuni persistente,da,—,"batalii.csv — sec. XII d.Hr., pct. 3"
RM-101,Răscoala Asăneștilor și sprijinul militar de la nord de Dunăre,Răscoală / campanie,1185,c. 1190,1185,1190,sec. XII d.Hr.,12,Baza de la nord de Dunăre (Muntenia) și sudul Dunării,1,—,Muntenia / Dobrogea,44.4,26.3,Frații Petru și Asan (vlahi) și cumani vs. Imperiul Bizantin,"În timpul revoltei fraților Petru și Asan împotriva Bizanțului (care duce la crearea Imperiului Vlaho-Bulgar), teritoriul de la nord de Dunăre (Muntenia de azi) servește ca loc de refugiu și bază de recrutare pentru armatele de vlahi și cumani, care trec fluviul pentru a ataca garnizoanele bizantine.",Înființarea Imperiului Vlaho-Bulgar (1185–1186),da,—,"batalii.csv — sec. XII d.Hr., pct. 4"
RM-102,Marea invazie mongolă (tătară) din 1241–1242,Invazie / devastare,1241,1242,1241,1242,sec. XIII d.Hr.,13,"Moldova, Muntenia și Transilvania (Rodna, Bistrița, Sibiu, Alba Iulia)",1,—,Moldova / Muntenia / Transilvania,46.5,25.0,"Imperiul Mongol (Batu Han, Subutai) vs. cumani, vlahi și Regatul Ungariei","Cel mai distructiv conflict militar al secolului: armatele mongole atacă pe mai multe coloane. În Moldova și Muntenia zdrobesc rezistența locală (inclusiv a cumanilor și vlahilor); în Transilvania pătrund prin pasurile Rodna, Bârgău și Oituz. Orașe înfloritoare precum Rodna, Bistrița, Sibiu și Alba Iulia sunt asediate, cucerite și complet distruse.",Decimarea populației; distrugerea orașelor; vid de putere ulterior,da,—,"batalii.csv — sec. XIII d.Hr., pct. 1"
RM-103,Dominația militară a lui Nogai Han în Dobrogea,Ocupație / dominație militară,c. 1271,c. 1299,1271,1299,sec. XIII d.Hr.,13,Dunărea de Jos: cartierul general probabil la Isaccea (jud. Tulcea),1,Tulcea,Dobrogea,45.27,28.46,"Hoarda de Aur (Nogai Han) vs. Imperiul Bizantin, Țaratul Bulgar și formațiunile locale","În a doua jumătate a secolului XIII, liderul tătar Nogai Han își stabilește cartierul general în zona Dunării de Jos (probabil la Isaccea), controlând militar și politic întreaga regiune și transformând Dobrogea într-o bază de operațiuni militare. Regiunea devine un teatru de război permanent între Hoarda de Aur, Bizanț și Bulgaria.",Control tătăresc temporar asupra Dobrogei și Dunării de Jos,da,"Eveniment de dominație, fără bătălii nominale în sursă.","batalii.csv — sec. XIII d.Hr., pct. 4"
RM-104,Revolta cneazului Litovoi,Revoltă / bătălie,1277,1279,1277,1279,sec. XIII d.Hr.,13,Oltenia și probabil sudul Transilvaniei,1,—,Oltenia / Transilvania,44.9,23.5,Voievodul român Litovoi vs. Regatul Ungariei (Ladislau al IV-lea),"Voievodul român Litovoi, stăpân pe un teritoriu în Oltenia și probabil în sudul Transilvaniei, refuză să mai plătească tribut regelui maghiar Ladislau al IV-lea și ocupă pământuri ale coroanei. În bătălia care urmează, Litovoi moare pe câmpul de luptă, iar fratele său, Bărbat, este luat prizonier și răscumpărat pentru o sumă mare de bani.",Înfrângerea revoltei; moartea lui Litovoi,da,Locația exactă a bătăliei nu este cunoscută.,"batalii.csv — sec. XIII d.Hr., pct. 2"
RM-105,"Revoltele sașilor și secuilor (ex. revolta lui Gylul, 1277)",Revoltă,c. 1277,c. 1290,1277,1290,sec. XIII d.Hr.,13,"Transilvania: Alba Iulia și zonele colonizate (sași, secui)",1,Alba / Sibiu,Transilvania,46.0,24.0,"Sași (conduși de Gylul), secui vs. voievodatul Transilvaniei și episcopia de Alba Iulia","Coloniștii sași și secui, așezați de Coroana Maghiară pentru a apăra granițele, se răscoală în repetate rânduri împotriva abuzurilor voievozilor Transilvaniei sau ale episcopiei de Alba Iulia. Un exemplu notabil: revolta sașilor conduși de Gylul din 1277, care ard catedrala din Alba Iulia.",Reprimarea revoltelor; consolidarea treptată a autonomiei sașilor/secuilor,da,"Eveniment tip, pe mai multe episoade.","batalii.csv — sec. XIII d.Hr., pct. 2"
RM-106,A doua invazie mongolă (1285) și bătălia de lângă Bistrița,Invazie / bătălie,1285,1285,1285,1285,sec. XIII d.Hr.,13,Transilvania (Bistrița) și spațiul extracarpatic,1,Bistrița-Năsăud,Transilvania,47.13,24.49,Hoarda de Aur vs. Regatul Ungariei (armate maghiare și formațiuni locale),"După marea invazie, Hoarda de Aur continuă să atace regiunea. Invazia din 1285, cunoscută drept „a doua invazie mongolă”, lovește din nou Transilvania și spațiul extracarpatic. De data aceasta armatele maghiare și formațiunile locale sunt mai bine pregătite, iar mongolii sunt învinși în mai multe bătălii (cum ar fi cea de lângă Bistrița) și alungați.",Respigerea celei de-a doua invazii mongole,da,—,"batalii.csv — sec. XIII d.Hr., pct. 3"
RM-107,Bătălia de la Posada,Bătălie,1330-11-09,1330-11-12,1330,1330,sec. XIV d.Hr.,14,Defileul/trecătoarea dintre Oltenia și Transilvania (zona Posada — Lainici/Novaci; identificare disputată),1,Gorj / Vâlcea,Oltenia / Transilvania,45.2,23.4,Țara Românească (Basarab I) vs. Regatul Ungariei (Carol Robert de Anjou),"Oastea Țării Românești condusă de Basarab I îi surprinde și învinge armata maghiară a lui Carol Robert de Anjou, într-o trecătoare carpatică, în 9–12 noiembrie 1330. Victoria asigură independența statului muntean și reprezintă una dintre bătăliile fondatoare ale istoriei României.",Victorie decisivă a Țării Românești; consolidarea independenței,da,"Localizarea exactă a locului bătăliei este disputată (Posada, în zona Lainici–Novaci).",batalii.csv — sec. XIV d.Hr.
RM-108,Bătălia de la Rovine,Bătălie,1394,1395,1394,1395,sec. XIV d.Hr.,14,"Oltenia, zona Rovine (lângă Craiova/Târgu Jiu — identificare disputată)",1,Gorj / Dolj,Oltenia,44.7,23.6,Țara Românească (Mircea cel Bătrân) vs. Imperiul Otoman (Baiazid I),"Domnitorul Mircea cel Bătrân oprește ofensiva trupelor otomane conduse de Baiazid I pe teritoriul Țării Românești. Bătălia (datată 1394 sau 1395) este una dintre cele mai cunoscute confruntări antiotomane ale epocii, cu ecou literar („Balada” lui Cezar Bolliac și textul din legenda lui Tudor Vladimirescu).",Retragerea otomană; menținerea rezistenței Țării Românești,da,Datarea exactă (1394/1395) este disputată; localizarea Rovine lor este controversată.,batalii.csv — sec. XIV d.Hr.
RM-109,Cruciada de la Nicopole (context — în afara teritoriului României),Cruciadă / bătălie (context),1396,1396,1396,1396,sec. XIV d.Hr.,14,"Nicopole (azi Nikopol, Bulgaria) — în afara teritoriului actual al României",1,—,—,43.7,24.9,Coaliția cruciată (inclusiv oastea lui Mircea cel Bătrân) vs. Imperiul Otoman (Baiazid I),"Oastea lui Mircea cel Bătrân sprijină coaliția cruciată antiotomană într-o luptă purtată la sud de Dunăre, cu ecouri directe asupra spațiului românesc. Cruciada se încheie cu o înfrângere severă a creștinilor.",Înfrângerea cruciaților; consecințe negative pentru statele române,nu,Inclus ca eveniment de context regional cu participare românească.,batalii.csv — sec. XIV d.Hr.
RM-110,Campaniile antiotomane ale lui Iancu de Hunedoara,Campanii militare,1440,1448,1440,1448,sec. XV d.Hr.,15,Transilvania și campaniile la sud de Dunăre,1,—,Transilvania / Balcani,45.8,23.0,"Regatul Ungariei (Iancu de Hunedoara, voievod al Transilvaniei) vs. Imperiul Otoman","Voievodul Transilvaniei organizează lupte antiotomane la sudul Dunării și pe teritoriul românesc, culminând cu marile campanii și înfrângerile de la Varna (1444) și a doua bătălie de la Kosovo Polje (1448). Eforturile sale au contribuit la întărirea apărării antiotomane a zonei.","Campanii glorioase, dar cu înfrângeri decisive în Balcani",da,"Bătăliile majore (Varna, Kosovo) au avut loc în afara teritoriului actual al României.",batalii.csv — sec. XV d.Hr.
RM-111,Bătălia de la Sibiu (Vaskapu),Bătălie,1442-03-22,1442-03-22,1442,1442,sec. XV d.Hr.,15,"Între Sântimbru și Sibiu (locul zis Vaskapu, județul Sibiu / Alba)",1,Sibiu,Transilvania,45.8,24.15,"Regatul Ungariei / Transilvania (Iancu de Hunedoara, judele Anton Trautenberger) vs. Imperiul Otoman (Mezid bei de Vidin)","După înfrângerea de la Sântimbru, Iancu de Hunedoara își reface armata și îl surprinde pe Mezid bei. Printr-o stratagemă (nobilul Simion Kamonyai îmbrăcat în armura voievodului), otomanii își lasă flancurile descoperite și sunt zdrobiți: Mezid și fiul său cad pe câmpul de luptă, iar restul oștii este nimicită în retragere spre pasul Turnu Roșu.",Victorie decisivă creștină; uciderea lui Mezid bei,da,Locația este disputată între zona Sibiel și trecătoarea Vaskapu (județul Hunedoara).,batalii.csv — sec. XV d.Hr. (completare)
RM-112,Bătălia de la Sântimbru,Bătălie,1442-03-18,1442-03-18,1442,1442,sec. XV d.Hr.,15,Sântimbru (județul Alba),0,Alba,Transilvania,46.13,23.65,Regatul Ungariei / Transilvania (Iancu de Hunedoara) vs. Imperiul Otoman (Mezid bei de Vidin),"O oaste otomană condusă de Mezid bei pătrunde în Transilvania, jefuiește ținuturile Devei, Albei și Aiudului și întâlnește la Sântimbru oastea adunată în grabă a voievodului Iancu de Hunedoara, pe care o înfrânge. Este prima confruntare a campaniei antiotomane din 1442.",Înfrângere inițială a oștilor lui Iancu; otomanii înaintează spre Sibiu,da,Faza inițială a conflictului; înfrângerea de la Sântimbru a fost urmată de victoriile de la Sibiu și pe Ialomița.,batalii.csv — sec. XV d.Hr. (completare)
RM-113,Bătălia de pe Ialomița,Bătălie,1442-09-02,1442-09-02,1442,1442,sec. XV d.Hr.,15,"Valea superioară a Ialomiței, la sud de Carpați (județul Dâmbovița / Ialomița)",1,Dâmbovița / Prahova,Țara Românească,45.2,25.5,"Regatul Ungariei / Țara Românească (Iancu de Hunedoara, Basarab al II-lea) vs. Imperiul Otoman (Șehabeddin Pașa, guvernatorul Rumeliei)","O puternică armată otomană condusă de Șehabeddin Pașa trece Dunărea pentru a-l înlătura pe Basarab al II-lea și a transforma Țara Românească în pașalâc. Iancu de Hunedoara o nimicește într-o zonă muntoasă de pe cursul superior al Ialomiței, în locuri muntoase și strâmte, obținând a treia victorie antiotomană din 1442.",Victoria decisivă a lui Iancu; respingerea marii invazii otomane,da,"Locația exactă este disputată: unii istorici o plasează la Poarta de Fier a Transilvaniei (Zaicani), alții pe valea superioară a Ialomiței.",batalii.csv — sec. XV d.Hr. (completare)
RM-114,Atacul de noapte de la Târgoviște,Atac surpriză / rezistență,1462-06,1462-06,1462,1462,sec. XV d.Hr.,15,Târgoviște și zonele învecinate (județul Dâmbovița),1,Dâmbovița,Țara Românească,44.92,25.46,Țara Românească (Vlad Țepeș) vs. Imperiul Otoman (Mehmed al II-lea),"Vlad Țepeș conduce o rezistență de hărțuire împotriva sultanului Mehmed al II-lea, care invadase Țara Românească după refuzul plății tributului. Atacul surpriză din iunie 1462 („atacul de noapte”) îl obligă pe sultan să se retragă.",Retragerea sultanului; menținerea independenței de facto,da,—,batalii.csv — sec. XV d.Hr.
RM-115,Bătălia de la Baia,Bătălie,1467-12,1467-12,1467,1467,sec. XV d.Hr.,15,Baia (județul Suceava),0,Suceava,Moldova,47.42,26.19,Moldova (Ștefan cel Mare) vs. Regatul Ungariei (Matei Corvin),"Ștefan cel Mare respinge o expediție a regelui Ungariei, Matei Corvin, decis să supună Moldova. În bătălia de la Baia, armata moldoveană îl învinge pe regele ungur, care este rănit și se retrage.",Victorie moldoveană; respingerea expediției ungare,da,—,batalii.csv — sec. XV d.Hr.
RM-116,Bătălia de la Lipnic,Bătălie,1469-08-20,1470-08-20,1469,1470,sec. XV d.Hr.,15,"Lipnic (Lipinți), pe Nistru — azi raionul Ocnița, Republica Moldova",1,—,Basarabia de Nord (Rep. Moldova),48.3,27.36,Moldova (Ștefan cel Mare) vs. Hoarda de Aur (hanul Mamac),"Tătarii Hoardei de Aur, conduși de hanul Mamac, invadează Moldova și pradă ținuturile ajungând la Nistru; Ștefan cel Mare îi urmărește și îi prinde în dumbrava de la Lipnic, aproape de râu. Bătălia se încheie cu o victorie zdrobitoare a moldovenilor, fiul și fratele hanului fiind luați prizonieri.",Victorie decisivă moldovenească; respingerea invaziei tătare,partial,Datarea este disputată între 20 august 1469 și 1470; localitatea se află azi în Republica Moldova.,batalii.csv — sec. XV d.Hr. (completare)
RM-117,Bătălia de la Soci,Bătălie,1471-03-07,1471-03-07,1471,1471,sec. XV d.Hr.,15,"Soci, lângă târgul de graniță cu Țara Românească (județul Bacău)",1,Bacău,Moldova (sud),46.4,26.7,Moldova (Ștefan cel Mare) vs. Țara Românească (Radu cel Frumos),"Fără declarație de război, Ștefan cel Mare atacă Țara Românească și, la 7 martie 1471, îl surprinde și îl zdrobește pe Radu cel Frumos lângă târgul Soci, în apropierea graniței dintre cele două țări. Victoria este categorică, iar moldovenii se întorc încărcați de pradă.",Victorie decisivă moldovenească,da,Locația este la granița dintre Moldova și Țara Românească (zona județului Bacău).,batalii.csv — sec. XV d.Hr. (completare)
RM-118,Bătălia de la Vaslui (Podul Înalt),Bătălie,1475-01-10,1475-01-10,1475,1475,sec. XV d.Hr.,15,"Podul Înalt, la sud-est de Vaslui (județul Vaslui)",1,Vaslui,Moldova,46.63,27.75,"Moldova (Ștefan cel Mare) vs. Imperiul Otoman (Suleiman Pașa, armata Rumeliei)","Ștefan cel Mare obține o victorie strălucită împotriva unei armate otomane net superioare numeric, conduse de Suleiman Pașa, folosind terenul mlăștinos și tactici de ambuscadă. Victoria de la Vaslui a avut un ecou european major.",Victorie moldoveană decisivă,da,—,batalii.csv — sec. XV d.Hr.
RM-119,Bătălia de la Războieni / Valea Albă,Bătălie,1476-07-26,1476-07-26,1476,1476,sec. XV d.Hr.,15,Războieni / Valea Albă (județul Neamț),1,Neamț,Moldova,47.078,26.56,Moldova (Ștefan cel Mare) vs. Imperiul Otoman (Mehmed al II-lea),"Oastea Moldovei este înfrântă de sultanul Mehmed al II-lea, care invadase Moldova cu o armată uriașă. Cu toate acestea, otomanii nu pot cuceri țara datorită rezistenței din cetăți și a tacticii de hărțuire, retrăgându-se în cele din urmă.","Înfrângere militară tactică, dar victorie strategică a Moldovei",da,—,batalii.csv — sec. XV d.Hr.
RM-120,Bătălia de la Câmpul Pâinii,Bătălie,1479-10-13,1479-10-13,1479,1479,sec. XV d.Hr.,15,"Câmpul Pâinii, pe luncă Mureșului între Șibot (Alba) și Orăștie (Hunedoara)",0,Alba / Hunedoara,Transilvania,45.9,23.3,"Regatul Ungariei / Transilvania (voievodul Ștefan Báthory, banul Pavel Chinezul, judele Georg Hecht) vs. Imperiul Otoman (Ali Mihaloglu, Iskender bey) și Muntenia (Basarab Țepeluș)","O oaste otomană puternică, sprijinită de un corp muntean, pătrunde în Transilvania prin Valea Oltului și pe Valea Sebeșului, jefuind Sebeșul, Alba Iulia și Hunedoara. Voievodul Ștefan Báthory și banul Pavel Chinezul concentrează oștile la Câmpul Pâinii, pe luncă Mureșului, unde obțin o victorie răsunătoare asupra otomanilor — una dintre cele mai mari izbânzi creștine anti-otomane din Transilvania.",Victorie decisivă a oștilor creștine; respingerea marii invazii otomane,da,"Locația câmpului de luptă se află între Șibot și Orăștie, pe luncă Mureșului; data este 13 octombrie 1479.",batalii.csv — sec. XV d.Hr. (completare)
RM-121,Bătălia de la Râmnic (1481),Bătălie,1481-07-08,1481-07-08,1481,1481,sec. XV d.Hr.,15,"Râmnicu Sărat, sub munții de la granița cu Brașovul (județul Vrancea / Buzău)",1,Vrancea / Buzău,Țara Românească (nord-est),45.43,27.05,"Moldova (Ștefan cel Mare, cu sprijin ungar) vs. Țara Românească (Basarab Țepeluș) și Imperiul Otoman (Ali-beg, Skender-beg)","Basarab Țepeluș adună o oaste cu ajutor otoman pentru a ataca cetatea Chilia a Moldovei. Ștefan cel Mare, întărit de trupe maghiare, îl atacă sub munții județului Râmnic și, după o luptă sângeroasă, îl învinge: Țepeluș este ucis, iar în Muntenia este instalat Vlad Călugărul.",Victorie moldovenească; uciderea lui Basarab Țepeluș,da,"Locația exactă este în zona Râmnicu Sărat, la poalele munților; datarea 8 iulie 1481.",batalii.csv — sec. XV d.Hr. (completare)
RM-122,Bătălia de la Cătlăbuga,Bătălie,1485-11-16,1485-11-16,1485,1485,sec. XV d.Hr.,15,"Lacul Cătlăbuga / zona Chilia (județul Tulcea, sudul Dunării — azi Ucraina)",1,Tulcea,Dobrogea / Bugeac,45.5,28.8,"Moldova (Ștefan cel Mare) vs. Imperiul Otoman (Bali-beg Malcoci Oglu, pașă de Silistra)","După pierderea Chiliei și a Cetății Albe, Ștefan cel Mare răspunde raidurilor otomane și îl învinge pe Bali-beg Malcoci Oglu la Cătlăbuga, la 16 noiembrie 1485, provocând o grea înfrângere forțelor otomane venite după pradă în sudul Moldovei.",Victorie moldovenească asupra oastei otomane,partial,"Locația este în zona lacului Cătlăbuga, la granița cu Bugeacul (azi Ucraina); datarea 16 noiembrie 1485.",batalii.csv — sec. XV d.Hr. (completare)
RM-123,Bătălia de la Șcheia,Bătălie,1486-03-06,1486-03-06,1486,1486,sec. XV d.Hr.,15,"Șcheia, lângă orașul Roman (județul Neamț)",1,Neamț,Moldova,46.93,26.55,"Moldova (Ștefan cel Mare) vs. Imperiul Otoman (Bali-beg Malcoci Oglu, Iskender bey) și pretendentul Petru Hronoda","Un corp expediționar otoman condus de Bali-beg și Iskender bey, care aducea pretendentul Hronoda pe tronul Moldovei, înaintează pe valea Siretului spre Suceava. Ștefan cel Mare îi întâmpină la Șcheia și, printr-o stratagemă, îi înfrânge: pretendentul Hronoda este capturat și executat. Este ultima confruntare majoră dintre Moldova și Imperiul Otoman din domnia sa.",Victorie moldovenească; încheierea războiului de 13 ani cu Poarta,da,"Șcheia este localitatea de la circa 25 km nord de Roman, deși unele surse o plasează lângă Suceava.",batalii.csv — sec. XV d.Hr. (completare)
RM-124,Bătălia de la Codrii Cosminului,Bătălie,1497-10-26,1497-10-26,1497,1497,sec. XV d.Hr.,15,"Codrii Cosminului, pe valea Siretului — azi regiunea Cernăuți, Ucraina",1,—,Bucovina (azi Ucraina),48.15,26.1,Moldova (Ștefan cel Mare) vs. Regatul Poloniei (regele Ioan I Albert),"Regele polon Ioan I Albert pornește o campanie cu pretextul recuceririi Chiliei și Cetății Albe, dar asediază Suceava. Ștefan cel Mare îl lasă să se epuizeze și atacă în ambuscadă oastea poloneză aflată în retragere prin Codrii Cosminului, în pădurile care despart valea Siretului de valea Prutului. Polonezii suferă pierderi grele, iar campania se încheie printr-o victorie moldovenească răsunătoare, considerată ultima mare bătălie a lui Ștefan cel Mare.",Victorie decisivă moldovenească; respingerea expediției poloneze,nu,"Câmpul de luptă se află azi în nordul Bucovinei (regiunea Cernăuți, Ucraina), la circa 100 km nord de Suceava; localizarea este aproximativă.",batalii.csv — sec. XV d.Hr. (completare)
RM-125,Războaiele lui Radu de la Afumați (1522–1525),Războaie / campanii,1522,1525,1522,1525,sec. XVI d.Hr.,16,"Țara Românească (bătălii la Ștefănești, Gubavi, București)",1,Argeș / Giurgiu / Ilfov,Țara Românească,44.9,25.0,Țara Românească (Radu de la Afumați) vs. Imperiul Otoman și pretendenți sprijiniți de otomani,"După moartea lui Neagoe Basarab, Țara Românească trece printr-o criză succesorală profundă. Radu de la Afumați poartă circa 20 de bătălii împotriva otomanilor și a pretendenților sprijiniți de aceștia, reușind temporar să împiedice transformarea țării în pașalâc turcesc.","Menținerea autonomiei, dar cu tribut și instabilitate cronică",da,Inclus ca campanie (bătăliile individuale nu sunt detaliate în sursă).,"batalii.csv — sec. XVI d.Hr., pct. 3"
RM-126,Bătălia de la Mohács (context — în afara teritoriului României),Bătălie (context regional),1526-08-29,1526-08-29,1526,1526,sec. XVI d.Hr.,16,Mohács (Ungaria) — în afara teritoriului actual al României,1,—,—,45.99,18.7,Regatul Ungariei vs. Imperiul Otoman (Soliman Magnificul),"Bătălia s-a dat pe teritoriul Ungariei de astăzi, dar prăbușirea Regatului Ungar a dus direct la transformarea Transilvaniei în principat autonom sub suzeranitate otomană (1541), generând conflicte interne între facțiunile nobiliare pro-habsburgice și pro-otomane pe tot parcursul secolului.",Căderea Regatului Ungariei medievale; autonomie otomană pentru Transilvania,nu,Inclus ca eveniment de context regional.,"batalii.csv — sec. XVI d.Hr., pct. 5"
RM-127,Bătălia de la Feldioara,Bătălie / intervenție militară,1529-06-22,1529-06-22,1529,1529,sec. XVI d.Hr.,16,Feldioara (județul Brașov),0,Brașov,Transilvania,45.82,25.6,Moldova (Petru Rareș) și Regatul Ungariei de Est (Ioan Zápolya) vs. adepții lui Ferdinand de Habsburg,"Petru Rareș intervine militar în Transilvania în sprijinul regelui Ioan Zápolya și obține o victorie categorică împotriva adepților lui Ferdinand de Habsburg, consolidând influența moldovenească în regiune.",Victorie categorică a lui Petru Rareș și a lui Zápolya,da,—,"batalii.csv — sec. XVI d.Hr., pct. 2"
RM-128,Bătălia de la Obertyn,Bătălie,1531-08-22,1531-08-22,1531,1531,sec. XVI d.Hr.,16,"Obertyn, Pocuția (azi în Ucraina)",1,—,Pocuția (azi Ucraina),48.7,25.15,Moldova (Petru Rareș) vs. Regatul Poloniei,"Petru Rareș încearcă să recucerească Pocuția, pierdută de Moldova. În bătălia de la Obertyn, oastea moldoveană este înfrântă de armata poloneză superioară, iar voievodul este nevoit să se retragă, păstrând însă Bucovina. Este una dintre cele mai celebre înfrângeri din timpul primei domnii a lui Petru Rareș.",Înfrângere moldoveană; pierderea definitivă a Pocuției,nu,"Bătălia s-a dat în Pocuția (azi Ucraina), în afara granițelor actuale ale României.",batalii.csv — sec. XVI d.Hr. (completare)
RM-129,Bătălia de la Siret,Bătălie,1538-02-01,1538-02-01,1538,1538,sec. XVI d.Hr.,16,"Pe râul Siret, în Moldova (județul Suceava / Neamț)",1,Suceava,Moldova,46.9,26.6,Moldova (Petru Rareș) vs. Imperiul Otoman (Soliman Magnificul),"La 1 februarie 1538, trupele moldovene aflate în campanie împotriva otomanilor sunt atacate și înfrânte în zona râului Siret, în contextul marii invazii otomane care avea să ducă la ocuparea Moldovei și detronarea lui Petru Rareș.",Înfrângere moldoveană; perioadă de criză pentru Moldova,da,Datarea și locația exactă sunt discutate; lupta este legată de campania otomană din 1538.,batalii.csv — sec. XVI d.Hr. (completare)
RM-130,Invazia otomană din 1538 în Moldova,Invazie,1538,1538,1538,1538,sec. XVI d.Hr.,16,Moldova: Suceava (județul Suceava),1,Suceava,Moldova,47.65,26.25,Imperiul Otoman (Soliman Magnificul) vs. Moldova (Petru Rareș),"Sultanul Soliman Magnificul organizează o campanie masivă împotriva Moldovei pentru a-l pedepsi pe Petru Rareș. Din cauza trădării marii boierimi, domnitorul este nevoit să fugă în Transilvania, iar Suceava este ocupată fără luptă.",Ocuparea Moldovei; dețronarea lui Petru Rareș,da,—,"batalii.csv — sec. XVI d.Hr., pct. 2"
RM-131,Bătălia de la Iezerul Cahulului,Bătălie,1574-06,1574-06,1574,1574,sec. XVI d.Hr.,16,"Iezerul Cahulului, pe Prut (azi în Republica Moldova)",1,—,Moldova (sud) / Basarabia,45.91,28.19,Moldova (Ioan Vodă cel Viteaz) vs. Imperiul Otoman (cu sprijinul muntean),"Din cauza lipsei de apă și a trădării pârcălabului Ieremia Golia, armata moldoveană este încercuită. Deși moldovenii luptă eroic, sunt înfrânți, iar Ioan Vodă este executat de otomani.",Înfrângere moldoveană; execuția lui Ioan Vodă,partial,Zona se află în afara granițelor actuale ale României (Republica Moldova).,"batalii.csv — sec. XVI d.Hr., pct. 4"
RM-132,Bătălia de la Roșcani,Bătălie,1574-06-11,1574-06-11,1574,1574,sec. XVI d.Hr.,16,"Roșcani, în sudul Moldovei (județul Vaslui / Galați)",1,Vaslui,Moldova,46.55,27.95,Moldova (Ioan Vodă cel Viteaz) vs. Imperiul Otoman și Țara Românească,"În timpul revoltei antiotomane a lui Ioan Vodă cel Viteaz, oștile moldovene obțin la Roșcani o victorie importantă asupra forțelor otomane și muntene, înainte de dezastrul de la Cahul care avea să se încheie cu execuția voievodului.",Victorie moldoveană temporară în cadrul revoltei,da,Eveniment subordonat revoltei lui Ioan Vodă cel Viteaz.,batalii.csv — sec. XVI d.Hr. (completare)
RM-133,Războaiele lui Ioan Vodă cel Viteaz — Bătălia de la Jiliște,Bătălie,1574-04,1574-04,1574,1574,sec. XVI d.Hr.,16,"Jiliște — sud-estul Moldovei, zona Prutului (locație disputată)",1,Galați / Vaslui,Moldova,45.95,28.0,Moldova (Ioan Vodă cel Viteaz) vs. armata otomano-munteană (pentru Petru Șchiopul),Ioan Vodă cel Viteaz refuză să dubleze tributul cerut de Poartă și pornește o campanie fulgerătoare. În aprilie 1574 surprinde și zdrobește o armată turco-munteană venită să-l instaleze pe Petru Șchiopul pe tronul Moldovei.,Victorie moldoveană surprinzătoare,da,Localizarea exactă a bătăliei de la Jiliște este disputată.,"batalii.csv — sec. XVI d.Hr., pct. 4"
RM-134,Bătălia de la Sânpaul,Bătălie,1575-07-09,1575-07-09,1575,1575,sec. XVI d.Hr.,16,Sânpaul (județul Mureș),0,Mureș,Transilvania,46.43,24.34,Moldova (Petru Șchiopul) și coaliția anti-Báthory vs. Ioan Sigismund Zápolya (aliat cu principele Ștefan Báthory),"În luptele pentru tronul Transilvaniei, oastea susținătorilor lui Ioan Sigismund Zápolya este înfrântă la Sânpaul de forțele principelui Ștefan Báthory, care sprijinea un alt candidat. Bătălia consolidează puterea lui Báthory, viitorul rege al Poloniei.",Victorie a lui Ștefan Báthory; consolidarea autorității sale în Transilvania,da,Locația este în zona Sânpaul (județul Mureș).,batalii.csv — sec. XVI d.Hr. (completare)
RM-135,Revolta antiotomană și masacrul de la București (1594),Revoltă / insurecție,1594-11-13,1594-11-13,1594,1594,sec. XVI d.Hr.,16,București și garnizoanele otomane din Țara Românească,0,Ilfov / București,Țara Românească,44.43,26.1,Țara Românească (Mihai Viteazul) vs. Imperiul Otoman (garnizoane și creditori),"Admițând la Liga Sfântă antiotomană, Mihai Viteazul declanșează la 13 noiembrie 1594 o revoltă antiotomană: este masacrată întreaga garnizoană otomană staționată la București, împreună cu creditorii veniți de la Istanbul. Este semnalul deschiderii luptei antiotomane a Țării Românești.",Declanșarea revoltei antiotomane; Mihai trece la ofensivă peste Dunăre,da,Momentul de început al războaielor antiotomane ale lui Mihai Viteazul.,batalii.csv — sec. XVI d.Hr. (completare)
RM-136,Bătălia de la Călugăreni,Bătălie,1595-08-23,1595-08-23,1595,1595,sec. XVI d.Hr.,16,"Călugăreni (județul Giurgiu), râul Neajlov",0,Giurgiu,Țara Românească,44.18,26.04,Țara Românească (Mihai Viteazul) vs. Imperiul Otoman (Sinan Pașa),"Una dintre cele mai faimoase confruntări ale epocii: armata munteană condusă de Mihai Viteazul obține o victorie tactică importantă împotriva unei armate otomane mult superioare numeric, conduse de Sinan Pașa, folosind terenul mlăștinos de la Călugăreni.",Victorie tactică a lui Mihai Viteazul (retragere strategică ulterioară),da,—,"batalii.csv — sec. XVI d.Hr., pct. 1"
RM-137,Bătălia de la Giurgiu (1595),Bătălie,1595-10,1595-10,1595,1595,sec. XVI d.Hr.,16,Giurgiu (județul Giurgiu),0,Giurgiu,Țara Românească,43.9,25.97,"Forțele aliate româno-transilvănene (Mihai Viteazul, Sigismund Báthory) vs. Imperiul Otoman (Sinan Pașa)","Forțele aliate ale românilor și transilvănenilor, sub comanda lui Mihai Viteazul și a lui Sigismund Báthory, zdrobesc ariergarda oastei lui Sinan Pașa care se retrăgea peste Dunăre.",Victorie aliată; distrugerea ariergardei otomane,da,—,"batalii.csv — sec. XVI d.Hr., pct. 1"
RM-138,Bătălia de la Putineiu,Bătălie,1595-01-14,1595-01-14,1595,1595,sec. XVI d.Hr.,16,"Putineiu, în sudul Țării Românești (județul Giurgiu)",1,Giurgiu,Țara Românească,43.9,25.85,Țara Românească (Mihai Viteazul) vs. tătari (invadatori),"În cadrul campaniei de iarnă din 1595, Mihai Viteazul obține o victorie importantă împotriva tătarilor invadatori la Putineiu, primul dintr-o serie de succese care au deschis drumul spre victoria de la Șerpătești.",Victoria lui Mihai Viteazul asupra tătarilor,da,Face parte din aceeași campanie ca Șerpătești și Stănești.,batalii.csv — sec. XVI d.Hr. (completare)
RM-139,Bătălia de la Stănești,Bătălie,1595-01-25,1595-01-25,1595,1595,sec. XVI d.Hr.,16,"Stănești, în sudul Țării Românești (județul Giurgiu)",1,Giurgiu,Țara Românească,43.95,25.95,Țara Românească (Mihai Viteazul) vs. otomani și tătari,"În continuarea campaniei de iarnă, Mihai Viteazul îi înfrânge pe otomani și pe tătari la Stănești, consolidând controlul românesc asupra liniei Dunării și pregătind marea confruntare de la Călugăreni din vara anului 1595.",Victoria lui Mihai Viteazul; controlul liniei Dunării,da,Face parte din campania de iarnă din 1595.,batalii.csv — sec. XVI d.Hr. (completare)
RM-140,Bătălia de la Târgoviște (1595),Bătălie,1595-10-05,1595-10-08,1595,1595,sec. XVI d.Hr.,16,Târgoviște (județul Dâmbovița),0,Dâmbovița,Țara Românească,44.92,25.46,Țara Românească (Mihai Viteazul) vs. Imperiul Otoman (Sinan Pașa),"După retragerea strategică de la Călugăreni, Mihai Viteazul revine în forță în fruntea unei armate numeroase, întărită cu sprijin din Transilvania și Moldova, și îi alungă pe otomani din Târgoviște (5–8 octombrie 1595) și apoi din București.",Recucerirea Târgoviștei; începutul retragerii otomane,da,Urmează recucerirea Bucureștiului și bătălia de la Giurgiu (1595).,batalii.csv — sec. XVI d.Hr. (completare)
RM-141,Bătălia de la Șerpătești,Bătălie,1595-01-23,1595-01-23,1595,1595,sec. XVI d.Hr.,16,"Șerpătești, la nord de Giurgiu (județul Giurgiu)",1,Giurgiu,Țara Românească,43.9,26.0,Țara Românească (Mihai Viteazul) vs. Imperiul Otoman și tătari,"O invazie tătară și otomană pătrunde în Țara Românească pentru a răzbuna revolta. Mihai Viteazul îi surprinde noaptea la Șerpătești, unde gruparea condusă de banul Manta obține o victorie fulgerătoare, spulberând oastea otomano-tătară și controlând linia Dunării.",Victorie zdrobitoare a lui Mihai Viteazul asupra tătarilor și otomanilor,da,Împreună cu luptele de la Putineiu și Stănești fac parte din campania de iarnă 1595 a lui Mihai Viteazul.,batalii.csv — sec. XVI d.Hr. (completare)
RM-142,Bătălia de la Șelimbăr,Bătălie,1599-10-28,1599-10-28,1599,1599,sec. XVI d.Hr.,16,Șelimbăr (județul Sibiu),0,Sibiu,Transilvania,45.77,24.2,Țara Românească (Mihai Viteazul) vs. Transilvania (cardinalul Andrei Báthory),"Mihai Viteazul învinge armata transilvăneană condusă de cardinalul Andrei Báthory, victorie care îi deschide calea către Alba Iulia și preluarea controlului asupra Transilvaniei.",Victorie a lui Mihai Viteazul; intrarea în Alba Iulia,da,—,"batalii.csv — sec. XVI d.Hr., pct. 1"
RM-143,Bătălia de la Bucov,Bătălie,1600-10,1600-10,1600,1600,sec. XVI/XVII d.Hr.,16,"Bucov (județul Prahova), Muntenia",0,Prahova,Țara Românească,44.97,26.08,"Polonia-Lituania (Jan Zamoyski), în sprijinul lui Simion Movilă vs. Țara Românească (Mihai Viteazul)","Polonezii conduși de Jan Zamoyski îl înving pe Mihai în Muntenia, impunându-l pe tron pe Simion Movilă. Bătălia marchează pierderea temporară a Țării Românești de către Mihai.",Înfrângerea lui Mihai Viteazul; instalarea lui Simion Movilă,da,—,"batalii.csv — sec. XVII d.Hr., pct. 1"
RM-144,Bătălia de la Mirăslău,Bătălie,1600-09-18,1600-09-18,1600,1600,sec. XVI/XVII d.Hr.,16,Mirăslău (județul Alba),0,Alba,Transilvania,46.34,23.68,Țara Românească/Transilvania (Mihai Viteazul) vs. nobilii maghiari răsculați și trupele imperiale habsburgice (Giorgio Basta),"Mihai Viteazul este înfrânt de o coaliție formată din nobilii maghiari răsculați și trupele imperiale habsburgice conduse de generalul Giorgio Basta, ceea ce provoacă prăbușirea primei sale domnii în Transilvania.",Înfrângerea lui Mihai Viteazul; retragerea sa din Transilvania,da,Sursa îl menționează și la sec. XVII d.Hr. (recapitulare).,"batalii.csv — sec. XVI d.Hr., pct. 1; sec. XVII d.Hr., pct. 1"
RM-145,Bătălia de la Guruslău,Bătălie,1601-08-03,1601-08-03,1601,1601,sec. XVII d.Hr.,17,Guruslău (județul Sălaj),0,Sălaj,Transilvania,47.23,23.02,Mihai Viteazul și generalul Giorgio Basta (Imperiul Habsburgic) vs. Sigismund Báthory,"Mihai Viteazul, aliat din nou cu generalul Basta, îl învinge pe Sigismund Báthory, restabilind controlul imperial asupra Transilvaniei cu puțin timp înainte de a fi asasinat.","Victorie imperială; scurt timp după, asasinarea lui Mihai Viteazul",da,—,"batalii.csv — sec. XVII d.Hr., pct. 1"
RM-146,Bătălia de la Țuțora (1620),Bătălie,1620-09,1620-09,1620,1620,sec. XVII d.Hr.,17,"Țuțora, pe Prut, lângă Iași (județul Iași)",1,Iași,Moldova,46.98,27.87,Polonia-Lituania și Moldova (suzeranitate otomană) vs. Imperiul Otoman și tătari,"Datorită poziției geografice, Moldova devine teatru de război în confruntările dintre polonezi și turci. Armata poloneză, care susținea Moldova, este masacrată de otomani și tătari pe malul Prutului, lângă Iași.",Masacrarea armatei poloneze; victorie otomană,da,—,"batalii.csv — sec. XVII d.Hr., pct. 4"
RM-147,Bătălia de la Hotin (1621),Bătălie,1621-09,1621-10,1621,1621,sec. XVII d.Hr.,17,"Hotin (azi în Ucraina, la granița istorică a Moldovei)",1,—,—,48.51,26.49,Polonia-Lituania și cazaci vs. Imperiul Otoman (sultanul Osman al II-lea),"O mare bătălie de poziție la granița Moldovei, în care polonezii și cazacii opresc avansul armatei sultanului Osman al II-lea, evitând cucerirea zonei.",Încheierea războiului prin tratat; menținerea status quo-ului,nu,Hotinul este azi în Ucraina; inclus ca eveniment de la granița istorică a Moldovei.,"batalii.csv — sec. XVII d.Hr., pct. 4"
RM-148,Bătălia de la Focșani (1637),Bătălie,1637,1637,1637,1637,sec. XVII d.Hr.,17,"Focșani (județul Vrancea), frontiera moldo-munteană",0,Vrancea,Moldova / Țara Românească,45.7,27.18,Moldova (Vasile Lupu) vs. Țara Românească (Matei Basarab),"Rivalitatea dintre domnitorul Moldovei, Vasile Lupu, și cel al Țării Românești, Matei Basarab, duce la mai multe ciocniri militare violente. Bătălia de la Focșani este prima confruntare directă între armatele celor doi domnitori.",Prima confruntare a războiului moldo-muntean,da,—,"batalii.csv — sec. XVII d.Hr., pct. 2"
RM-149,Bătălia de la Rabna,Bătălie,1637,1637,1637,1637,sec. XVII d.Hr.,17,Zona de la nord de râul Rabna (județul Iași / Vaslui),1,Vaslui,Moldova,46.65,27.75,Moldova (Vasile Lupu) vs. rivali interni sprijiniți de cazaci,"În contextul luptelor interne pentru tronul Moldovei, are loc o confruntare la Rabna, la nord de Vaslui. Bătălia face parte din conflictele dintre Vasile Lupu și pretendenții sprijiniți de puterile vecine.",Victoria lui Vasile Lupu în conflictul intern,da,Locația exactă a bătăliei este disputată.,batalii.csv — sec. XVII d.Hr. (completare)
RM-150,Bătălia de la Ojogeni,Bătălie,1639,1639,1639,1639,sec. XVII d.Hr.,17,"Ojogeni, pe râul Prahova, la vărsarea în Ialomița — identificare disputată",1,Ialomița,Țara Românească,44.7,26.45,Moldova (Vasile Lupu) vs. Țara Românească (Matei Basarab),"Vasile Lupu invadează Țara Românească, dar este înfrânt decisiv de Matei Basarab în bătălia de la Ojogeni, una dintre cele mai sângeroase confruntări ale rivalității celor doi domnitori.",Înfrângere decisivă a lui Vasile Lupu,da,Localizarea exactă a bătăliei este disputată.,"batalii.csv — sec. XVII d.Hr., pct. 2"
RM-151,Bătălia de la Finta,Bătălie,1653-05-27,1653-05-27,1653,1653,sec. XVII d.Hr.,17,Finta (județul Dâmbovița),0,Dâmbovița,Țara Românească,44.8,25.78,Țara Românească (Matei Basarab) și transilvăneni vs. Moldova (Vasile Lupu) cu cazaci (Timuș Hmelnițki),"Vasile Lupu, sprijinit de cazacii ginerelui său Timuș Hmelnițki, atacă din nou Muntenia. Matei Basarab obține o victorie zdrobitoare, conflictul marcând sfârșitul domniei lui Vasile Lupu.",Victorie zdrobitoare a lui Matei Basarab; căderea lui Vasile Lupu,da,—,"batalii.csv — sec. XVII d.Hr., pct. 2"
RM-152,Bătălia de la Șoplea,Bătălie,1655-06-26,1655-06-26,1655,1655,sec. XVII d.Hr.,17,"Șoplea (comuna Drăgănești, județul Prahova)",0,Prahova,Țara Românească,44.828,26.288,Principatul Transilvaniei (George Rákóczi al II-lea) vs. răsculații (seimenii și husarii),"Răscoala seimenilor (mercenarii) și a husarilor, aflată în plină efervescență, este înfrântă de trupele principelui George Rákóczi al II-lea la Șoplea. Revolta răsculaților, care avea și o componentă antierarhică și antinobiliară, este zdrobită, marcând sfârșitul unei crize interne majore a Transilvaniei.",Reprimarea răscoalei seimenilor,da,Una dintre cele mai cunoscute răscoale din Transilvania secolului al XVII-lea.,batalii.csv — sec. XVII d.Hr. (completare)
RM-153,Campania otomană de pedepsire a Transilvaniei și Bătălia de la Gilău,Campanie / bătălie,1657,1662,1657,1662,sec. XVII d.Hr.,17,"Transilvania: Gilău (județul Cluj), Oradea, Crișana",1,Cluj / Bihor,Transilvania / Crișana,46.75,23.38,Imperiul Otoman și tătari vs. Principatul Transilvaniei (Gheorghe Rákóczi al II-lea),"Principele Transilvaniei Gheorghe Rákóczi al II-lea declanșează o campanie militară neautorizată în Polonia, provocând mânia Porții Otomane. Transilvania este devastată de expediții de pedepsire otomane și tătare; la Gilău (1660), Rákóczi al II-lea este rănit mortal. Otomanii cuceresc cetatea Oradea și transformă Crișana în pașalâc turcesc.",Devastarea Transilvaniei; cucerirea Oradei; pașalâc otoman în Crișana,da,—,"batalii.csv — sec. XVII d.Hr., pct. 3"
RM-154,Campaniile lui Jan Sobieski în Moldova,Campanii / expediții,1680,1690,1680,1690,sec. XVII d.Hr.,17,"Moldova: Suceava, Iași, Neamț (ocupare temporară)",1,Suceava / Iași / Neamț,Moldova,47.2,26.4,Polonia-Lituania (regele Jan Sobieski) vs. Imperiul Otoman și Moldova (suzeranitate otomană),"Polonezii organizează mai multe expediții militare în Moldova, ocupând temporar Suceava, Iașiul și Neamțul, în încercarea de a scoate principatul de sub influența otomană.","Ocupații temporare, fără schimbarea suzeranității",da,—,"batalii.csv — sec. XVII d.Hr., pct. 4"
RM-155,Bătălia de la Sânmartin (1685),Bătălie,1685,1685,1685,1685,sec. XVII d.Hr.,17,"Sânmartin (posibil județul Bihor, lângă Oradea — identificare disputată)",1,Bihor,Transilvania / Crișana,46.99,21.96,Imperiul Habsburgic vs. Imperiul Otoman / forțele curuților,"În cadrul Marelui Război Turcesc (1683–1699), după eșecul asediului otoman asupra Vienei, Sfânta Alianță condusă de Habsburgi lansează o ofensivă puternică; luptele se desfășoară intens și pe teritoriul românesc. Bătălia de la Sânmartin (1685) este o confruntare pe teritoriul Transilvaniei între forțele imperiale și cele otomane/curuți.",Avans habsburgic în Transilvania,da,Localizarea exactă a bătăliei este disputată.,"batalii.csv — sec. XVII d.Hr., pct. 5"
RM-156,Bătălia de la Zărnești (1690),Bătălie,1690-08-21,1690-08-21,1690,1690,sec. XVII d.Hr.,17,Zărnești (județul Brașov),0,Brașov,Transilvania,45.58,25.34,Imperiul Otoman și curuți (Imre Thököly) vs. Imperiul Habsburgic,"Bătălie majoră a Marelui Război Turcesc, purtată pe teritoriul Transilvaniei: forțele otomane și curuții (conduși de Imre Thököly) înving armata imperială habsburgică, dar controlul asupra Transilvaniei se schimbă definitiv prin tratatul de la Karlowitz (1699), care cedează oficial principatul Habsburgilor.","Victorie otomană/curuți; totuși, Karlowitz (1699) aduce Transilvania sub Habsburgi",da,—,"batalii.csv — sec. XVII d.Hr., pct. 5"
RM-157,Războiul Ruso-Turc (1710–1711) și Bătălia de la Stănilești,Război / bătălie,1710,1711,1710,1711,sec. XVIII d.Hr.,18,"Stănilești, pe Prut (județul Vaslui)",1,Vaslui,Moldova,46.63,28.14,Rusia (Petru cel Mare) și Moldova (Dimitrie Cantemir) vs. Imperiul Otoman și tătari,"Domnitorul Moldovei, Dimitrie Cantemir, se aliază secret cu țarul Petru cel Mare (Tratatul de la Luțk), încercând să elibereze țara de suzeranitatea otomană. La Stănilești, pe Prut (iulie 1711), armatele moldo-ruse sunt încercuite și înfrânte de otomani. Cantemir se exilează în Rusia, iar Poarta introduce regimul fanariot în Moldova (1711) și apoi în Țara Românească (1716).",Înfrângerea moldo-rusă; introducerea regimului fanariot,da,—,"batalii.csv — sec. XVIII d.Hr., pct. 1"
RM-158,Războiul Austro-Turc (1716–1718),Război,1716,1718,1716,1718,sec. XVIII d.Hr.,18,Banat și Țara Românească,1,—,Banat / Țara Românească,45.5,22.0,Imperiul Habsburgic vs. Imperiul Otoman,"Trupele habsburgice atacă fortărețele otomane și pătrund adânc în Banat și Țara Românească. Conflictul se încheie prin Pacea de la Passarowitz (1718), prin care Imperiul Habsburgic anexează Banatul și Oltenia (aceasta fiind retrocedată Țării Românești două decenii mai târziu).",Anexarea Banatului și Olteniei de către Habsburgi,da,—,"batalii.csv — sec. XVIII d.Hr., pct. 2"
RM-159,Războiul Ruso-Austro-Turc (1735–1739),Război,1735,1739,1735,1739,sec. XVIII d.Hr.,18,"Moldova (Iași), Oltenia și Muntenia",1,—,Moldova / Oltenia / Muntenia,46.7,26.5,Rusia și Imperiul Habsburgic vs. Imperiul Otoman,"Teritoriul Moldovei și al Țării Românești este din nou teatru de război: trupele rusești ocupă Iașiul, iar austriecii luptă pe teritoriul Olteniei și în Muntenia. Se încheie prin Pacea de la Belgrad (1739), prin care Austria pierde Oltenia, care revine sub stăpânirea domniei de la București (și indirect sub suzeranitate otomană).",Revenirea Olteniei sub autoritatea Bucureștiului,da,—,"batalii.csv — sec. XVIII d.Hr., pct. 3"
RM-160,Războiul Ruso-Turc (1768–1774) și ocupația Principatelor,Război / ocupație,1768,1774,1768,1774,sec. XVIII d.Hr.,18,Moldova și Țara Românească (Bătăliile de la Larga și Cahul — azi Republica Moldova),1,—,Moldova / Țara Românească,46.3,28.0,Imperiul Rus vs. Imperiul Otoman,"Unul dintre cele mai distructive conflicte ale secolului pentru spațiul românesc: Moldova și Țara Românească sunt complet ocupate de armatele țariste, iar bătăliile importante de la Larga și Cahul se dau pe teritoriul basarabean de atunci. Pacea de la Kuciuk-Kainargi (1774) retrocedează formal Principatele otomanilor, dar Rusia obține dreptul de a interveni în protejarea creștinilor; în 1775 Austria anexează nordul Moldovei (Bucovina).",Ocupație și distrugeri; dreptul rusesc de intervenție; anexarea Bucovinei,da,Bătăliile de la Larga și Cahul au avut loc în afara granițelor actuale ale României.,"batalii.csv — sec. XVIII d.Hr., pct. 4"
RM-161,Războiul Ruso-Austro-Turc (1787–1792) și bătăliile de la Focșani și Râmnicu Sărat,Război / bătălii,1787,1792,1787,1792,sec. XVIII d.Hr.,18,"București, Iași, Focșani, Râmnicu Sărat",1,Ilfov / Iași / Vrancea / Buzău,Țara Românească / Moldova,45.5,27.0,Rusia și Imperiul Habsburgic vs. Imperiul Otoman,"Alianța austro-rusă atacă Imperiul Otoman pe pământ românesc: Bucureștiul și Iașiul sunt ocupate militar de trupele aliate, iar generalul rus Suvorov obține victorii răsunătoare la Focșani (1789) și Râmnicu Sărat (1789). Războiul se încheie prin Pacea de la Șiștov (1791) cu Austria și Pacea de la Iași (1792) cu Rusia, când granița rusă ajunge pentru prima dată pe Nistru.",Ocupație militară; granița rusă pe Nistru; restabilirea suzeranității otomane,da,—,"batalii.csv — sec. XVIII d.Hr., pct. 5"
RM-162,Războiul Ruso-Turc (1806–1812) și anexarea Basarabiei,Război,1806,1812,1806,1812,sec. XIX d.Hr.,19,Moldova (dintre Prut și Nistru) și Țara Românească,1,—,Moldova,47.0,28.0,Imperiul Rus vs. Imperiul Otoman (principatele române ca teatru de război),"Spațiul românesc este teatru de operațiuni sau ocupat militar: războiul se încheie cu Pacea de la București, prin care Imperiul Rus anexează jumătatea de est a Moldovei — teritoriul dintre Prut și Nistru, numit ulterior Basarabia.",Anexarea Basarabiei de către Imperiul Rus,da,Moștenirea teritorială a evenimentului privește și Republica Moldova de azi.,batalii.csv — sec. XIX d.Hr.
RM-163,Revoluția lui Tudor Vladimirescu (1821),Revoltă / război intern,1821,1821,1821,1821,sec. XIX d.Hr.,19,"Țara Românească: Gorj, Oltenia, București",1,Gorj / Dolj / Ilfov,Țara Românească,44.8,23.5,Pandurii lui Tudor Vladimirescu și eteriștii (Alexandru Ipsilanti) vs. Imperiul Otoman,"Mișcare socială și națională puternică în Țara Românească: se dau lupte între pandurii lui Tudor Vladimirescu, eteriștii (revoluționarii greci conduși de Alexandru Ipsilanti, care acționau tot pe teritoriu românesc) și armatele otomane venite să înăbușe revolta. Tudor Vladimirescu este în cele din urmă asasinat.",Înăbușirea revoltei; sfârșitul lui Tudor Vladimirescu,da,—,batalii.csv — sec. XIX d.Hr.
RM-164,Războiul Ruso-Turc (1828–1829) și ocuparea Principatelor,Război / ocupație,1828,1829,1828,1829,sec. XIX d.Hr.,19,Principatele Române (Moldova și Țara Românească),1,—,Moldova / Țara Românească,46.5,26.5,Imperiul Rus vs. Imperiul Otoman,"Principatele sunt ocupate de armata țaristă. Tratatul de la Adrianopol aduce modificări economice și politice majore (instituirea Regulamentelor Organice) și retrocedează Țării Românești cetățile dunărene: Brăila, Giurgiu și Turnu.",Ocupație rusească; Regulamentele Organice; recâștigarea cetăților dunărene,da,—,batalii.csv — sec. XIX d.Hr.
RM-165,Revoluția de la 1848–1849 din Transilvania (război civil),Revoluție / război civil,1848,1849,1848,1849,sec. XIX d.Hr.,19,Transilvania: Munții Apuseni și diverse localități transilvănene,1,—,Transilvania,46.3,23.0,"Revoluționarii maghiari vs. românii transilvăneni (Avram Iancu, aliați temporar cu Casa de Habsburg)","Revoluția degenerază într-un război civil sângeros între revoluționarii maghiari (care doreau unirea Transilvaniei cu Ungaria) și românii transilvăneni conduși de Avram Iancu, care apărau drepturile naționale ale românilor. Confruntările armate au loc în Munții Apuseni și în diverse localități, până la intervenția trupelor țariste, care înfrâng armata maghiară.",Înfrângerea armatei maghiare de către intervenția țaristă; urmări pentru națiunea română,da,—,batalii.csv — sec. XIX d.Hr.
RM-166,Lupta de la Brad (1849),Bătălie,1849-02,1849-02,1849,1849,sec. XIX d.Hr.,19,"Brad (județul Hunedoara), Munții Apuseni",0,Hunedoara,Transilvania,46.12,22.18,Românii din Munții Apuseni (Avram Iancu) vs. revoluționarii maghiari,"În confruntările din Munții Apuseni, moții conduși de Avram Iancu obțin o victorie importantă la Brad, consolidând controlul românesc asupra zonei și respingând ofensiva revoluționarilor maghiari.",Victorie a moților la Brad,da,Se desfășoară în contextul războiului civil din Transilvania (1848–1849).,batalii.csv — sec. XIX d.Hr. (completare)
RM-167,Luptele de la Abrud (1849),Bătălie,1849-05,1849-05,1849,1849,sec. XIX d.Hr.,19,"Abrud (județul Alba), Munții Apuseni",0,Alba,Transilvania,46.28,23.09,"Românii din Munții Apuseni (Avram Iancu) vs. revoluționarii maghiari (Ioan Hora, generalul Kemeny)","În cadrul războiului civil din Transilvania, Avram Iancu apără cu moții săi localitatea Abrud repetat, provocând înfrângeri grele armatei revoluționare maghiare, care încerca să ocupe Munții Apuseni. Luptele de la Abrud sunt printre cele mai celebre confruntări ale Revoluției de la 1848–1849 din Ardeal.",Victorie a moților lui Avram Iancu; apărarea Munților Apuseni,da,Se desfășoară în contextul războiului civil din Transilvania (1848–1849).,batalii.csv — sec. XIX d.Hr. (completare)
RM-168,Războiul Crimeii — ocuparea Principatelor (1853–1856),Război / ocupații,1853,1856,1853,1856,sec. XIX d.Hr.,19,Principatele Române (Moldova și Țara Românească),1,—,Moldova / Țara Românească,46.5,26.5,Imperiul Rus vs. Imperiul Otoman (cu ocupări austriece și otomane de siguranță),"Conflictul începe prin ocuparea Principatelor Române de către trupele rusești, urmată apoi de o ocupație austriacă și otomană de siguranță. Deși luptele mari se mută în Crimeea, teritoriul românesc este direct afectat de ocupații și rechiziții.",Ocupații succesive; restrângerea influenței ruse în principate,da,—,batalii.csv — sec. XIX d.Hr.
RM-169,Bătălia de la Plevna,Bătălie,1877-07,1877-12-10,1877,1877,sec. XIX d.Hr.,19,"Plevna (azi Pleven, Bulgaria)",1,—,Bulgaria (în afara actualelor granițe),43.42,24.62,România și Imperiul Țarist vs. Imperiul Otoman (Osman Pașa),"Asediul de la Plevna este cea mai sângeroasă confruntare a Războiului de Independență: trupele române și ruse asediază și înfrâng garnizoana otomană a lui Osman Pașa, care capitulează la 10 decembrie 1877. Victoria contribuie decisiv la obținerea independenței României.",Victoria ruso-română; capitularea garnizoanei otomane,nu,"Bătălia s-a desfășurat în afara teritoriului actual al României, dar este legată direct de Războiul de Independență.",batalii.csv — sec. XIX d.Hr. (completare)
RM-170,Luptele de la Grivița (1877),Bătălie,1877-08-30,1877-08-30,1877,1877,sec. XIX d.Hr.,19,"Reduta Grivița, lângă Plevna (azi Pleven, Bulgaria)",1,—,Bulgaria (în afara actualelor granițe),43.4,24.6,România (armata română) vs. Imperiul Otoman,"Atacul românilor asupra redutei Grivița de la Plevna este una dintre cele mai eroice fapte de arme ale Războiului de Independență, soldată cu cucerirea redutei după lupte extrem de sângeroase, celebrată în cultura românească.",Cucerirea redutei Grivița de către armata română,nu,În afara granițelor actuale; parte din Războiul de Independență.,batalii.csv — sec. XIX d.Hr. (completare)
RM-171,Războiul de Independență (Russo-Turc 1877–1878),Război,1877-04,1878,1877,1878,sec. XIX d.Hr.,19,"Trecerea Dunării (Zimnicea) și luptele din Bulgaria (Plevna, Grivița, Rahova, Vidin)",1,Teleorman,Țara Românească / Balcani,43.65,25.37,România (domnitorul Carol I) și Imperiul Rus vs. Imperiul Otoman,"Armata rusă traversează România pentru a ataca Imperiul Otoman; România se alătură militar Rusiei, iar trupele conduse de Carol I au un rol decisiv în asediile de la Plevna, Grivița, Rahova și Vidin. Conflictul consfințește independența de stat a României.",Independența României (1877–1878); recunoaștere internațională,partial,Luptele principale au avut loc în afara granițelor actuale (Bulgaria); trecerea Dunării și mobilizarea s-au desfășurat pe teritoriul românesc.,batalii.csv — sec. XIX d.Hr.
RM-172,Bătălia de la Smârdan,Bătălie,1878-01-24,1878-01-24,1878,1878,sec. XIX d.Hr.,19,"Smârdan, lângă Vidin (Bulgaria)",1,—,Bulgaria (în afara actualelor granițe),44.0,22.87,România (armata română) vs. Imperiul Otoman,"Bătălia de la Smârdan, la 24 ianuarie 1878, este o victorie importantă a armatei române de la finalul Războiului de Independență, marcând ultima mare confruntare a campaniei de peste Dunăre și simbolizând închiderea campaniei victorioase.",Victoria armatei române; finalul campaniei de peste Dunăre,nu,În afara granițelor actuale; parte din Războiul de Independență.,batalii.csv — sec. XIX d.Hr. (completare)
RM-173,Bătălia de la Bazargic (1916),Bătălie,1916-09-05,1916-09-07,1916,1916,sec. XX d.Hr.,20,"Bazargic (azi Dobrici, Bulgaria) — Dobrogea de sud",1,Constanța,Dobrogea,43.57,27.83,România și Imperiul Țarist vs. Bulgaria și Imperiul German,"În fața ofensivei bulgaro-germane în Dobrogea, trupele române și ruse sunt înfrânte la Bazargic (Dobrici), în prima mare bătălie de pe frontul dobrogean din campania din 1916. Înfrângerea contribuie la pierderea Dobrogei.",Victoria forțelor bulgaro-germane; înaintarea în Dobrogea,partial,Bazargic se află la granița actuală dintre România și Bulgaria (Dobrogea de sud).,batalii.csv — sec. XX d.Hr. (completare)
RM-174,Bătălia de la Brașov (1916),Bătălie,1916-10-07,1916-10-08,1916,1916,sec. XX d.Hr.,20,Brașov și Țara Bârsei (județul Brașov),1,Brașov,Transilvania,45.66,25.61,România (Armata a 2-a) vs. Imperiul German (Armata a 9-a),"Armata română a 2-a încercă să oprească înaintarea Armatei a 9-a germane prin Țara Bârsei, dar este înfrântă și se retrage din Brașov, ultima mare confruntare din ofensiva germană din Transilvania de la sfârșitul anului 1916.",Victorie a Puterilor Centrale; retragerea Armatei a 2-a,da,Parte din operația de apărare a trecătorilor din 1916.,batalii.csv — sec. XX d.Hr. (completare)
RM-175,Bătălia de la Predeal (1916),Bătălie,1916-10,1916-10,1916,1916,sec. XX d.Hr.,20,"Predeal, trecătoarea din Carpații Meridionali (județul Brașov)",0,Brașov,Transilvania / Muntenia,45.5,25.58,România vs. Imperiul German și Austro-Ungaria,"În confruntările pentru trecătoarea Predeal, trupele române rezistă eroic, dar sunt nevoite să se retragă spre zona Bran–Câmpulung, în cadrul operației de apărare a trecătorilor din Carpați în campania din 1916.",Depășirea trecătorii de către Puterile Centrale,da,Parte din operația de apărare a trecătorilor din 1916.,batalii.csv — sec. XX d.Hr. (completare)
RM-176,Bătălia de la Sibiu (1916),Bătălie,1916-09-26,1916-09-29,1916,1916,sec. XX d.Hr.,20,Sibiu și zona trecătorilor din Carpații Meridionali (județul Sibiu),1,Sibiu,Transilvania,45.8,24.15,România vs. Imperiul German și Austro-Ungaria,"Bătălia de la Sibiu face parte din apărarea trecătorilor din Carpați: forțele Puterilor Centrale, venite din Transilvania, împing armata română și pătrund în zona Sibiu–Turnu Roșu, deschizând drumul spre sud.",Victorie a Puterilor Centrale; depășirea apărării române,da,Parte din operația de apărare a trecătorilor din 1916.,batalii.csv — sec. XX d.Hr. (completare)
RM-177,Bătălia de la Turtucaia,Bătălie,1916-09-02,1916-09-06,1916,1916,sec. XX d.Hr.,20,"Turtucaia (azi Tutrakan, Bulgaria) — pe malul drept al Dunării, în fața Dobrogei",1,—,Dobrogea (graniță),44.05,26.62,România (garnizoana Turtucaia) vs. Bulgaria și Imperiul German,"Înfrângere severă a trupelor române în fața armatei bulgaro-germane, care deschide drumul inamicului spre Dobrogea. Una dintre cele mai mari catastrofe militare ale românilor în Primul Război Mondial.",Înfrângere românească; ocuparea Dobrogei,nu,"Turtucaia este azi în Bulgaria, imediat la frontiera cu România.",batalii.csv — sec. XX d.Hr.
RM-178,Bătălia de la Târgu Jiu (1916),Bătălie,1916-11-16,1916-11-17,1916,1916,sec. XX d.Hr.,20,Târgu Jiu (județul Gorj),0,Gorj,Oltenia,45.04,23.27,România vs. Imperiul German (armata lui Falkenhayn),"Bătălia de la Târgu Jiu are loc în cadrul apărării Olteniei: trupele române, după lupte grele pe Valea Jiului, încearcă să oprească înaintarea germană, dar orașul cade în mâinile Puterilor Centrale, pregătind marea bătălie de la Neajlov–Argeș și ocuparea Bucureștiului.",Victorie a Puterilor Centrale; căderea Târgu Jiului,da,Parte din a doua bătălie de pe Valea Jiului și din apărarea Olteniei.,batalii.csv — sec. XX d.Hr. (completare)
RM-179,Bătălia de pe Neajlov–Argeș (1916),Bătălie,1916-11,1916-12,1916,1916,sec. XX d.Hr.,20,"Zona râurilor Neajlov și Argeș, la sud de București",1,Giurgiu / Ilfov,Muntenia,44.35,25.75,România vs. Imperiul German (von Mackensen),"Ultima încercare majoră de a opri înaintarea Puterilor Centrale spre București; după această confruntare, capitala este ocupată.",Înfrângere românească; ocuparea Bucureștiului,da,—,batalii.csv — sec. XX d.Hr.
RM-180,Bătălia de pe Valea Jiului (1916),Bătălie,1916-10,1916-11,1916,1916,sec. XX d.Hr.,20,Valea Jiului (județele Gorj/Hunedoara),1,Gorj / Hunedoara,Oltenia,45.35,23.15,România vs. Imperiul German (armata lui Falkenhayn),"Confruntare violentă prin care s-a încercat, fără succes, oprirea înaintării Puterilor Centrale, venite dinspre Transilvania prin Valea Jiului, spre București.",Succes german inițial; depășirea apărării române,da,—,batalii.csv — sec. XX d.Hr.
RM-181,Bătălia de pe Valea Prahovei (1916),Bătălie,1916-10-09,1916-10-25,1916,1916,sec. XX d.Hr.,20,"Valea Prahovei, în Carpații Meridionali (județul Prahova)",1,Prahova,Muntenia,45.2,25.7,România vs. Imperiul German și Austro-Ungaria,"Confruntări violente pe valea Prahovei, una dintre principalele căi de acces spre București: armata română încearcă să blocheze înaintarea Puterilor Centrale prin Carpați, dar este depășită după lupte grele, contribuind la ocuparea ulterioară a capitalei.",Depășirea apărării române pe Valea Prahovei,da,Parte din operația de apărare a trecătorilor din 1916.,batalii.csv — sec. XX d.Hr. (completare)
RM-182,Bătălia pentru București (1916),Bătălie,1916-11-30,1916-12-03,1916,1916,sec. XX d.Hr.,20,București și zona Neajlov–Argeș (județul Ilfov / Dâmbovița),0,Ilfov / București,Muntenia,44.43,26.1,"România vs. Puterile Centrale (Germania, Austro-Ungaria, Bulgaria)","După înfrângerea de la Neajlov–Argeș, germanii și aliații lor înaintează spre capitală. În pofida rezistenței eroice, Bucureștiul este ocupat la 6 decembrie 1916, iar guvernul și armata se retrag în Moldova, marcând prăbușirea frontului de sud.",Ocuparea Bucureștiului de către Puterile Centrale,da,Parte din operația de apărare a teritoriului Munteniei.,batalii.csv — sec. XX d.Hr. (completare)
RM-183,Operația de la Flămânda,Operație / ofensivă,1916-09-29,1916-10-05,1916,1916,sec. XX d.Hr.,20,Zona Flămânda–Oltul și Dunărea de Jos (județul Teleorman / Călărași),1,Teleorman,Muntenia (sud),43.95,25.0,România (armata a 3-a) vs. Imperiul German și Bulgaria (gruparea Mackensen),"Ofensivă românească menită să forțeze Dunărea și să surprindă forțele bulgaro-germane din spate. Operația, nefinalizată și gândită pripit, se soldează cu eșec și este abandonată pe fondul înfrângerii de la Turtucaia și al lipsei de coordonare.",Eșecul operației; înfrângerea strategică a României,da,"Operație de forțare a Dunării, abandonată din cauza lipsei de coordonare.",batalii.csv — sec. XX d.Hr. (completare)
RM-184,Prima bătălie de la Oituz (1916),Bătălie,1916-10-12,1916-10-27,1916,1916,sec. XX d.Hr.,20,"Valea Oituzului, Carpații de Curbură (județul Bacău / Covasna)",1,Bacău,Moldova,46.08,26.35,România vs. Imperiul German și Austro-Ungaria,"Prima bătălie de la Oituz face parte din apărarea trecătorilor: trupele române opresc înaintarea Puterilor Centrale prin Valea Oituzului, apărând Moldova și împiedicând încercuirea armatei române.",Victorie defensivă a armatei române,da,Urmează a doua bătălie de la Oituz (noiembrie 1916) și cea din 1917.,batalii.csv — sec. XX d.Hr. (completare)
RM-185,Primul Război Mondial — Campania din 1916 (înfrângerea inițială),Campanie / război,1916-08-27,1916-12,1916,1916,sec. XX d.Hr.,20,"Transilvania, Muntenia, Dobrogea, Moldova (capitola de război: Iași)",1,—,România,46.0,26.0,"România (Antanta) vs. Puterile Centrale (Imperiul German, Austro-Ungaria, Bulgaria)","După o ofensivă de scurtă durată în Transilvania, armata română este nevoită să se retragă din cauza atacului combinat al trupelor germane, austro-ungare și bulgare. Sudul țării, inclusiv capitala București, este ocupat de Puterile Centrale; regele, guvernul și armata se retrag în Moldova, Iașiul devenind capitală de război.",Ocuparea sudului României; retragerea armatei în Moldova,da,—,batalii.csv — sec. XX d.Hr.
RM-186,Bătălia de la Mărășești (1917),Bătălie,1917-08-06,1917-09-03,1917,1917,sec. XX d.Hr.,20,Mărășești (județul Vrancea),0,Vrancea,Moldova,45.88,27.23,România vs. Imperiul German (von Mackensen),"Cea mai mare bătălie de pe frontul românesc: armata română rezistă eroic atacului german, stabilizând frontul sub deviza „Pe aici nu se trece!”.",Victorie defensivă românească; stabilizarea frontului,da,—,batalii.csv — sec. XX d.Hr.
RM-187,Bătălia de la Mărăști (1917),Bătălie / ofensivă,1917-07-22,1917-08-01,1917,1917,sec. XX d.Hr.,20,Mărăști (județul Vrancea),0,Vrancea,Moldova,45.83,26.77,România (generalul Alexandru Averescu) vs. Imperiul German și Austro-Ungaria,"Ofensivă românească reușită, sub conducerea generalului Alexandru Averescu, prin care s-a obținut eliberarea mai multor localități și întărirea moralului armatei române reorganizate.",Victorie românească; eliberarea unor localități,da,—,batalii.csv — sec. XX d.Hr.
RM-188,Bătălia de la Oituz (1917),Bătălie,1917-08-08,1917-08-20,1917,1917,sec. XX d.Hr.,20,Valea Oituzului (județele Bacău/Covasna),1,Bacău / Covasna,Moldova / Transilvania,46.1,26.43,România vs. Imperiul German și Austro-Ungaria,"Desfășurată în paralel cu bătălia de la Mărășești, trupele române blochează încercarea inamicului de a pătrunde în valea Trotușului, în inima Moldovei.",Victorie defensivă românească,da,—,batalii.csv — sec. XX d.Hr.
RM-189,Al Doilea Război Mondial — Operațiunea Tidal Wave (bombardarea Ploieștiului),Bombardament aerian,1943-08-01,1943-08-01,1943,1943,sec. XX d.Hr.,20,Ploiești (județul Prahova),0,Prahova,Muntenia,44.94,26.02,SUA (USAAF) vs. România (apărarea antiaeriană) și Germania Nazistă (apărarea rafinăriilor),Atac aerian masiv al aviației americane (USAAF) asupra rafinăriilor de petrol de la Ploiești — una dintre cele mai sângeroase și costisitoare misiuni aeriene pentru americani din întreg războiul.,"Distrugeri parțiale ale rafinăriilor, cu pierderi aeriene americane mari",da,—,batalii.csv — sec. XX d.Hr.
RM-190,Bombardamentele aliate asupra României (1943–1944),Bombardamente aeriene,1943,1944,1943,1944,sec. XX d.Hr.,20,"București, Ploiești, Turnu Severin, Brașov",1,Ilfov / Prahova / Mehedinți / Brașov,România,44.8,25.4,"Aliații (SUA — USAAF, Regatul Unit — RAF) vs. România și Germania Nazistă","Înainte de intrarea trupelor terestre, România este ținta unor intense atacuri aeriene americane și britanice, având ca scop distrugerea infrastructurii petroliere și feroviare. Orașe precum București (inclusiv atacul devastator din 4 aprilie 1944 asupra Gării de Nord), Ploiești, Turnu Severin și Brașov sunt bombardate sistematic.",Distrugeri ale infrastructurii; victime civile numeroase,da,—,batalii.csv — sec. XX d.Hr.
RM-191,A Doua Ofensivă Iași–Chișinău (20–29 august 1944),Ofensivă strategică,1944-08-20,1944-08-29,1944,1944,sec. XX d.Hr.,20,"Moldova: Iași, Chișinău, frontul germano-român",1,Iași,Moldova,47.1,27.5,URSS (Armata Roșie) vs. România și Germania Nazistă,Operațiune strategică sovietică masivă care duce la prăbușirea completă a frontului germano-român din Moldova: Armata Roșie sparge rapid liniile defensive de la Iași și Chișinău. Prăbușirea militară accelerează lovitura de stat de la București din 23 august 1944.,Prăbușirea frontului; lovitura de stat din 23 august 1944,da,—,batalii.csv — sec. XX d.Hr.
RM-192,Bătălia de la Păuliș (1944),Bătălie defensivă,1944-09-14,1944-09-19,1944,1944,sec. XX d.Hr.,20,Păuliș (județul Arad),0,Arad,Banat,46.12,21.59,România (elevii Școlii de Subofițeri de Rezervă de la Radna) vs. Ungaria (armata horthystă),"Elevii școlii de subofițeri de rezervă de la Radna opresc o ofensivă puternică a trupelor ungare, într-una dintre cele mai eroice confruntări defensive ale campaniei din vestul României.",Victorie defensivă românească împotriva forțelor superioare,da,—,batalii.csv — sec. XX d.Hr.
RM-193,Bătălia de la Turda (1944),Bătălie de blindate,1944-09,1944-10,1944,1944,sec. XX d.Hr.,20,Turda (județul Cluj),0,Cluj,Transilvania,46.57,23.78,România și URSS vs. Germania Nazistă și Ungaria,"Una dintre cele mai mari și mai grele bătălii de blindate de pe teritoriul actual al României: trupele ungaro-germane opun o rezistență dârză în fața forțelor româno-sovietice, în cadrul campaniei de eliberare a Transilvaniei de Nord.",Cucerirea Turdei de către forțele româno-sovietice,da,—,batalii.csv — sec. XX d.Hr.
RM-194,Bătălia pentru București (august–septembrie 1944),Bătălie urbană,1944-08-24,1944-09,1944,1944,sec. XX d.Hr.,20,București,1,Ilfov,Muntenia,44.43,26.1,"România (armata, după 23 august) vs. Germania Nazistă","După actul de la 23 august 1944, teritoriul României devine teatrul unor lupte intense între foștii aliați. Trupele române resping atacurile germane care încercau să ocupe Capitala și să instaureze un regim marionetă; până la sosirea sovieticilor, Bucureștiul este deja eliberat de armata română.",Eliberarea Bucureștiului de către armata română,da,—,batalii.csv — sec. XX d.Hr.
RM-195,Eliberarea Careiului și Satu Mare (25 octombrie 1944),Ofensivă / eliberare,1944-10,1944-10-25,1944,1944,sec. XX d.Hr.,20,Carei și Satu Mare,1,Satu Mare,Transilvania (nord-vest),47.74,22.68,România și URSS vs. Germania Nazistă și Ungaria,"Armata română, acționând împreună cu Armata Roșie, eliberează în 25 octombrie 1944 orașele Carei și Satu Mare, încheind eliberarea întregului teritoriu actual al României de sub ocupația trupelor Axei.",Eliberarea completă a teritoriului României (25 oct. 1944),da,—,batalii.csv — sec. XX d.Hr.
RM-196,Luptele de pe linia Dunării și din Dobrogea (1944),Lupte de retragere / blocare,1944-08,1944-09,1944,1944,sec. XX d.Hr.,20,Dunărea de Jos și Dobrogea,1,Constanța / Tulcea / Călărași,Dobrogea,44.4,28.0,România și URSS vs. Germania Nazistă,"Confruntări pentru blocarea retragerii trupelor germane din Balcani, desfășurate pe linia Dunării și în Dobrogea, ca parte a luptelor de după 23 august 1944.",Blocarea și capturarea unor forțe germane care se retrăgeau,da,—,batalii.csv — sec. XX d.Hr.
RM-197,Ofensiva Uman–Botoșani (1944),Ofensivă,1944-03,1944-04,1944,1944,sec. XX d.Hr.,20,"Nordul Moldovei: Botoșani, Dorohoi, Suceava",1,Botoșani / Suceava,Moldova,47.8,26.5,URSS (Armata Roșie) vs. România și Germania Nazistă,"Ofensiva marchează intrarea trupelor sovietice pe teritoriul României: Frontul de Est ajunge în nordul Moldovei, iar sovieticii ocupă orașe precum Botoșani, Dorohoi și Suceava, stabilind linia frontului în nordul țării.",Ocuparea nordului Moldovei de către Armata Roșie,da,—,batalii.csv — sec. XX d.Hr.
RM-198,Prima Ofensivă Iași–Chișinău (1944) și bătălia de la Târgu Frumos,Ofensivă / bătălie de blindate,1944-04-08,1944-06-06,1944,1944,sec. XX d.Hr.,20,"Moldova: Târgu Frumos, valea Siretului, Iași–Chișinău",1,Iași / Neamț,Moldova,47.21,26.99,URSS (Armata Roșie) vs. România și Germania Nazistă (generalul Hasso von Manteuffel),"Serie de lupte violente de uzură între trupele germano-române și cele sovietice. Bătălia de la Târgu Frumos este o confruntare de blindate de mare amploare, unde trupele germane și cele române reușesc temporar să oprească avansul tancurilor sovietice.",Stoparea temporară a ofensivei sovietice,da,—,batalii.csv — sec. XX d.Hr.
